---,ArchiveCard_ID,Archive_Des,Card_Array,,,,,
101,101,ouou,"(""10101"",""10102"",""10103"",""10104"",""10105"",""10106"",""10107"",""10108"",""10109"",""10110"",""10161"")",,,,,
102,102,clear,"(""10201"",""10202"",""10203"",""10204"",""10205"",""10206"",""10207"",""10208"",""10209"",""10210"")",,,,,
103,103,cxk,"(""10301"",""10302"",""10303"",""10304"",""10305"",""10306"",""10307"",""10308"",""10309"",""10310"")",,,,,
104,104,kingdom,"(""10401"",""10402"",""10403"",""10404"",""10405"",""10406"",""10407"",""10408"",""10409"",""10410"",""10461"",""10462"",""10463"",""10464"")",,,,,
105,105,boh,"(""10501"",""10502"",""10503"",""10504"",""10505"",""10506"",""10507"",""10508"",""10509"",""10510"",""10561"",""10562"",""10563"",""10564"",""10565"")",,,,,
106,106,xiak,"(""10601"",""10602"",""10603"",""10604"",""10605"",""10606"",""10607"",""10608"",""10609"",""10610"")",,,,,
107,107,Ystz,"(""10701"",""10702"",""10703"",""10704"",""10705"",""10706"",""10707"",""10708"",""10709"",""10710"")",,,,,
108,108,danfo,"(""10801"",""10802"",""10803"",""10804"",""10805"",""10806"",""10807"",""10808"",""10809"",""10810"",""10861"")",,,,,
,,,,,,,,
,,,,,,,,
,,,,,,,,
,,,,,,,,
,,,,,,,,
,,,,,,,,
,,,,,,,,
,,,,,,,,
