---,Card_row,Cardname,DetailDescription,Carddescription,Level,Image,ImageMini,ImageHD
10101,10101,"NSLOCTEXT(""DT_CardsUI [A1E8A11F5D2A9E86DDB68A4AB1650183]"", ""10101_Cardname"", ""åœ°è„‰é•–å¼¹"")","NSLOCTEXT(""DT_CardsUI [A1E8A11F5D2A9E86DDB68A4AB1650183]"", ""10101_DetailDescription"", ""å¯¹æ•Œäººé€ æˆä¼¤å®³ï¼Œå¹¶è¿ç§»å…¶æ‰€æœ‰è´Ÿé¢æ•ˆæœè‡³ä»–çš„åä¸€ä¸ªå•ä½ä¸Š"")","NSLOCTEXT(""DT_CardsUI [A1E8A11F5D2A9E86DDB68A4AB1650183]"", ""10101_Carddescription"", ""æ’•è£‚ï¼Œæ„ŸæŸ“ä¸é‡ç»„ï¼Œå‘ç”Ÿåœ¨ç»†å°çš„å¾®å“é—´"")",1,/Script/Engine.Texture2D'/Game/Aoitaism/Asset/Card/Character/Oo/Card_Oo_PhotoTop_25.Card_Oo_PhotoTop_25',/Script/Engine.Texture2D'/Game/Aoitaism/Asset/Photo/Icon/Icon_10108.Icon_10108',/Script/Engine.Texture2D'/Game/Aoitaism/Asset/Card/Character/Oo/Card_Oo_PhotoTop_100.Card_Oo_PhotoTop_100'
10102,10102,"NSLOCTEXT(""DT_CardsUI [A1E8A11F5D2A9E86DDB68A4AB1650183]"", ""10102_Cardname"", ""ç¢ç‰‡åŒ–æ‘¸é±?)""","NSLOCTEXT(""DT_CardsUI [A1E8A11F5D2A9E86DDB68A4AB1650183]"", ""10102_DetailDescription"", ""å›å¤è´¹ç”¨\r\nå¾…å‘½ï¼šæ‰§è¡Œæ—¶ï¼Œå¡ç‰Œæ•ˆæœæ•°å¢åŠ ç­‰åŒå·²æ‰§è¡Œå¡ç‰Œçš„æ•°é‡"")","NSLOCTEXT(""DT_CardsUI [A1E8A11F5D2A9E86DDB68A4AB1650183]"", ""10102_Carddescription"", ""æ¯”èµ·çœ‹ä½ æˆ‘è¿˜æ˜¯æ›´å–œæ¬¢çœ‹æ‰‹æœ?)""",1,/Script/Engine.Texture2D'/Game/Aoitaism/Asset/Photo/Cards/Card_10108.Card_10108',None,None
10103,10103,"NSLOCTEXT(""DT_CardsUI [A1E8A11F5D2A9E86DDB68A4AB1650183]"", ""10103_Cardname"", ""å·¡å›"")","NSLOCTEXT(""DT_CardsUI [A1E8A11F5D2A9E86DDB68A4AB1650183]"", ""10103_DetailDescription"", ""å¾ªç¯1/3\r\nå•è½®æ¿€æ´»è´¹ç”¨ä¸º1ï¼Œå¾ªç¯æ€»æ¬¡æ•°ä¸º3"")","NSLOCTEXT(""DT_CardsUI [A1E8A11F5D2A9E86DDB68A4AB1650183]"", ""10103_Carddescription"", ""å…¶å®è¿™å¼ ç…§ç‰‡æ˜¯åœ¨é£æœºå‘åŠ¨æœºåé¢æ‹çš„ï¼Œéšåå°±è¢«å¹èµ°äº?)""",1,/Script/Engine.Texture2D'/Game/Aoitaism/Asset/Photo/Cards/Card_10108.Card_10108',None,None
10104,10104,"NSLOCTEXT(""DT_CardsUI [A1E8A11F5D2A9E86DDB68A4AB1650183]"", ""10104_Cardname"", ""æŸ“æŒ‡é»„èŠ±"")","NSLOCTEXT(""DT_CardsUI [A1E8A11F5D2A9E86DDB68A4AB1650183]"", ""10104_DetailDescription"", ""1å›åˆå†…ï¼Œæˆ‘æ–¹é€ æˆä¼¤å®³ä¼šå¯¹ç›®æ ‡é™„åŠ 1å›åˆçš„â€œæœ¨æ¯’â€\r\næœ¨æ¯’ï¼šæ ¹æ®å‰©ä½™å›åˆæ•°é€ æˆä¼¤å®³ï¼Œæ— è§†æŠ¤ç”²ä¸æ ¼æŒ¡ï¼Œå¯å åŠ "")","NSLOCTEXT(""DT_CardsUI [A1E8A11F5D2A9E86DDB68A4AB1650183]"", ""10104_Carddescription"", ""è°¢è°¢è€æ­ªè„–å­æ ‘çš„èµ äºˆ"")",1,/Script/Engine.Texture2D'/Game/Aoitaism/Asset/Photo/Cards/Card_10108.Card_10108',None,None
10105,10105,"NSLOCTEXT(""DT_CardsUI [A1E8A11F5D2A9E86DDB68A4AB1650183]"", ""10105_Cardname"", ""å¤é£"")","NSLOCTEXT(""DT_CardsUI [A1E8A11F5D2A9E86DDB68A4AB1650183]"", ""10105_DetailDescription"", ""ä»ç‰Œåº“ä¸­æŠ½æ•°å¼ ç‰Œï¼Œç›´åˆ°æ‰‹ç‰ŒåŒºæ»?)""","NSLOCTEXT(""DT_CardsUI [A1E8A11F5D2A9E86DDB68A4AB1650183]"", ""10105_Carddescription"", ""é‡è¿”ç­¾å¹´ä¹‹å‰©"")",1,/Script/Engine.Texture2D'/Game/Aoitaism/Asset/Photo/Cards/Card_10108.Card_10108',None,None
10106,10106,"NSLOCTEXT(""DT_CardsUI [A1E8A11F5D2A9E86DDB68A4AB1650183]"", ""10106_Cardname"", ""ç´«è‰²é­…å½±"")","NSLOCTEXT(""DT_CardsUI [A1E8A11F5D2A9E86DDB68A4AB1650183]"", ""10106_DetailDescription"", ""å¯¹æ•Œäººé€ æˆä¼¤å®³ï¼Œå¹¶å‘ç›®æ ‡å¢æ·»è´Ÿé¢æ•ˆæœï¼šâ€œç´«æ™¶åŒ–â€å’Œâ€œé€å‘½â€\r\nç´«æ™¶åŒ–ï¼šBuffå­˜åœ¨æ—¶ï¼Œç»“ç®—çš„ç›®æ ‡æŠ¤ç”²å°†ä¼šè¢«æ— è§†\r\né€å‘½ï¼šäº¡è¯­ï¼Œæ­»äº¡æ—¶å¯¹ç›¸é‚»ç›®æ ‡é€ æˆ12ç‚¹ä¼¤å®?)""","NSLOCTEXT(""DT_CardsUI [A1E8A11F5D2A9E86DDB68A4AB1650183]"", ""10106_Carddescription"", ""æœ€åè¿™ç§æ··ä¹±çš„æ¶²ä½“åšæˆäº†æ­¦å™¨ï¼Œä½ è¦å°å°å—ï¼Ÿ"")",1,/Script/Engine.Texture2D'/Game/Aoitaism/Asset/Photo/Cards/Card_10108.Card_10108',None,None
10107,10107,"NSLOCTEXT(""DT_CardsUI [A1E8A11F5D2A9E86DDB68A4AB1650183]"", ""10107_Cardname"", ""çº§å±‚ç®?)""","NSLOCTEXT(""DT_CardsUI [A1E8A11F5D2A9E86DDB68A4AB1650183]"", ""10107_DetailDescription"", ""å¯¹æ•Œäººé€ æˆä¼¤å®³ï¼Œå¹¶ä½¿ç›®æ ‡çš„æ‰€æœ‰buffç­‰çº§ç¿»å€?)""","NSLOCTEXT(""DT_CardsUI [A1E8A11F5D2A9E86DDB68A4AB1650183]"", ""10107_Carddescription"", ""å¾å¿ƒå¾è¡Œæ¾„å¦‚æ˜é•œï¼Œæ‰€ä½œæ‰€ä¸ºçš†ä¸ºæ­£ä¹?)""",1,/Script/Engine.Texture2D'/Game/Aoitaism/Asset/Photo/Cards/Card_10108.Card_10108',None,None
10108,10108,"NSLOCTEXT(""DT_CardsUI [A1E8A11F5D2A9E86DDB68A4AB1650183]"", ""10108_Cardname"", ""æ¢¦é†’æ—¶åˆ†"")","NSLOCTEXT(""DT_CardsUI [A1E8A11F5D2A9E86DDB68A4AB1650183]"", ""10108_DetailDescription"", ""å›å¤æ¬§é¸¥30ç‚¹ç”Ÿå‘½å€¼\r\nç«‹åˆ»è¿›è¡Œæ´—ç‰Œ"")","NSLOCTEXT(""DT_CardsUI [A1E8A11F5D2A9E86DDB68A4AB1650183]"", ""10108_Carddescription"", ""çƒ¦èºç¨‹åº¦ï¼Œå¥½æ¯”æ˜¯æ—©æ™¨6ç‚¹èˆå‹çš„é—¹é’Ÿ"")",1,/Script/Engine.Texture2D'/Game/Aoitaism/Asset/Photo/Cards/Card_10108.Card_10108',None,None
10109,10109,"NSLOCTEXT(""DT_CardsUI [A1E8A11F5D2A9E86DDB68A4AB1650183]"", ""10109_Cardname"", ""äººçš‡æ­?)""","NSLOCTEXT(""DT_CardsUI [A1E8A11F5D2A9E86DDB68A4AB1650183]"", ""10109_DetailDescription"", ""è·å¾—1å±‚æ•ˆæœï¼šäººçš‡æ­¥\r\näººçš‡æ­¥ï¼šæ¯ä¸€å±‚ä½¿å•ä½å®Œå…¨é—ªé¿ä¸€æ¬¡ä¼¤å®?)""","NSLOCTEXT(""DT_CardsUI [A1E8A11F5D2A9E86DDB68A4AB1650183]"", ""10109_Carddescription"", ""ä½ ä»€ä¹ˆæ„æ€ï¼ä½ æ‰ä¸­äºŒå‘¢ï¼æœ‰ç‚¹ç«¥å¿ƒä¸å¥½å—ï¼"")",1,/Script/Engine.Texture2D'/Game/Aoitaism/Asset/Photo/Cards/Card_10108.Card_10108',None,None
10110,10110,"NSLOCTEXT(""DT_CardsUI [A1E8A11F5D2A9E86DDB68A4AB1650183]"", ""10110_Cardname"", ""æ™®è¥¿å®?)""","NSLOCTEXT(""DT_CardsUI [A1E8A11F5D2A9E86DDB68A4AB1650183]"", ""10110_DetailDescription"", ""æä¾›1æŠ¤ç”²ï¼Œå¹¶æé«˜å¡ç‰Œæ‹¥æœ‰è€?0%çš„æ„ŸæŸ“åº¦"")","NSLOCTEXT(""DT_CardsUI [A1E8A11F5D2A9E86DDB68A4AB1650183]"", ""10110_Carddescription"", ""åœ¨æ˜¯æˆ–å¦ä¹‹é—´é€‰äº†æˆ?)""",1,/Script/Engine.Texture2D'/Game/Aoitaism/Asset/Photo/Cards/Card_10108.Card_10108',None,None
10161,10161,"NSLOCTEXT(""DT_CardsUI [A1E8A11F5D2A9E86DDB68A4AB1650183]"", ""10161_Cardname"", ""æ¢¦é­‡"")","NSLOCTEXT(""DT_CardsUI [A1E8A11F5D2A9E86DDB68A4AB1650183]"", ""10161_DetailDescription"", ""æ¿€æ´»åï¼Œå¯¹é™¤æ¬§é¸¥å¤–çš„æ‰€æœ‰å•ä½é€ æˆä¼¤å®³ï¼Œå¹¶ä¸”æ–½åŠ?å±‚ææƒ§ï¼ŒæŒç»­2å›åˆ\r\nææƒ§ï¼šæ¯å±‚ä½¿å•ä½çš„æ„è¯†é™ä½?0%"")","NSLOCTEXT(""DT_CardsUI [A1E8A11F5D2A9E86DDB68A4AB1650183]"", ""10161_Carddescription"", ""é‚£æ˜¯ä¸€ä¸ªæ´å‡€çš„ä¸–ç•?)""",1,/Script/Engine.Texture2D'/Game/Aoitaism/Asset/Photo/Cards/Card_10108.Card_10108',None,None
10201,10201,"NSLOCTEXT(""DT_CardsUI [A1E8A11F5D2A9E86DDB68A4AB1650183]"", ""10201_Cardname"", ""ç«ç¾½"")","NSLOCTEXT(""DT_CardsUI [A1E8A11F5D2A9E86DDB68A4AB1650183]"", ""10201_DetailDescription"", ""å¯¹æ•Œäººé€ æˆæ‰©æ•£ä¼¤å®³ï¼Œå¹¶æ–½åŠ 1å±‚ç‚¹ç‡ƒ\r\næ‰©æ•£2ï¼šå¯¹å‘½ä¸­çš„ç¬¬ä¸€ã€ç¬¬äºŒã€ç¬¬ä¸‰ä¸ªä½ç½®ä¸Šçš„å•ä½åˆ†åˆ«é€ æˆ100%ï¼?0%ï¼?0%çš„ä¼¤å®³\r\nç‚¹ç‡ƒï¼šå›åˆç»“æŸæ¯å±‚é€ æˆ3ç‚¹ä¼¤å®³ï¼Œæ¸…é™¤å¹¶æŒ‰ç…§å±‚æ•°è½¬åŒ–ä¸ºå¯¹åº”ç­‰çº§çš„çƒ§ä¼¤ï¼Œå¯å åŠ \r\nçƒ§ä¼¤ï¼šç›®æ ‡å—åˆ°çš„ä¸‹ä¸€æ¬¡æ²»ç–—ä¸äº§ç”Ÿæ•ˆæœï¼Œè€Œæ˜¯ä½¿è¯¥buffç­‰çº§-1"")","NSLOCTEXT(""DT_CardsUI [A1E8A11F5D2A9E86DDB68A4AB1650183]"", ""10201_Carddescription"", ""ä½ ä¸å¿«æ»šï¼Œåœ¨æœŸå¾…ä»€ä¹ˆï¼Œä¹ŸåŒ–ä½œä¸€å›¢ç«ç„°ï¼Ÿ"")",1,/Script/Engine.Texture2D'/Game/Aoitaism/Asset/Photo/Cards/Card_10205.Card_10205',None,None
10202,10202,"NSLOCTEXT(""DT_CardsUI [A1E8A11F5D2A9E86DDB68A4AB1650183]"", ""10202_Cardname"", ""è“„èƒ½é•¿æª"")","NSLOCTEXT(""DT_CardsUI [A1E8A11F5D2A9E86DDB68A4AB1650183]"", ""10202_DetailDescription"", ""å¯¹æ•Œäººé€ æˆæ‰©æ•£ä¼¤å®³\r\næ‰©æ•£2ï¼šå¯¹å‘½ä¸­çš„ç¬¬ä¸€ã€ç¬¬äºŒã€ç¬¬ä¸‰ä¸ªä½ç½®ä¸Šçš„å•ä½åˆ†åˆ«é€ æˆ100%ï¼?0%ï¼?0%çš„ä¼¤å®³\r\nå¾…å‘½ï¼šæ¯æ¬¡æœ‰ä¸€å¼ ç‰Œè¢«æ‰§è¡Œï¼Œåˆ™è¯¥å¡ç‰Œç™½å€?1"")","NSLOCTEXT(""DT_CardsUI [A1E8A11F5D2A9E86DDB68A4AB1650183]"", ""10202_Carddescription"", ""å¼±æ™ºâ€¦â€¦è“„åŠ›æ­¥æªï¼Œè¿˜æ˜¯è¦æŒ‰ä½æ‰³æœºçš„é‚£ç§ï¼?)""",1,/Script/Engine.Texture2D'/Game/Aoitaism/Asset/Photo/Cards/Card_10205.Card_10205',None,None
10203,10203,"NSLOCTEXT(""DT_CardsUI [A1E8A11F5D2A9E86DDB68A4AB1650183]"", ""10203_Cardname"", ""çˆ†é¸£å¼?)""","NSLOCTEXT(""DT_CardsUI [A1E8A11F5D2A9E86DDB68A4AB1650183]"", ""10203_DetailDescription"", ""å¯¹æ•Œäººé€ æˆä¼¤å®³ï¼Œå¹¶æ–½åŠ 4å±‚ææƒ§ï¼ŒæŒç»­2å›åˆ\r\nææƒ§ï¼šæ¯å±‚ä½¿å•ä½çš„æ„è¯†é™ä½?0%"")","NSLOCTEXT(""DT_CardsUI [A1E8A11F5D2A9E86DDB68A4AB1650183]"", ""10203_Carddescription"", ""å°ç«è½¦æ¥å–½ï¼Œå‘œå‘œå‘œå‘œå‘œå‘œå‘œå‘œ~~~"")",1,/Script/Engine.Texture2D'/Game/Aoitaism/Asset/Photo/Cards/Card_10205.Card_10205',None,None
10204,10204,"NSLOCTEXT(""DT_CardsUI [A1E8A11F5D2A9E86DDB68A4AB1650183]"", ""10204_Cardname"", ""è‡ªæ´"")","NSLOCTEXT(""DT_CardsUI [A1E8A11F5D2A9E86DDB68A4AB1650183]"", ""10204_DetailDescription"", ""ä¸­æ–­ï¼šæ‘§æ¯ä¸€ä¸ªæœ€è¿‘æ¿€æ´»çš„å¾ªç¯\r\nå›å¤8ç‚¹è´¹ç”¨\r\nå›å¤æœ¬å¡ç‰Œæ‹¥æœ‰è€?0ç‚¹ç”Ÿå‘½\r\nä½¿åä¸€å¼ ç‰Œçš„æ•ˆæœæ•°+3"")","NSLOCTEXT(""DT_CardsUI [A1E8A11F5D2A9E86DDB68A4AB1650183]"", ""10204_Carddescription"", ""ä¸ºä»€ä¹ˆè¿™ä¸ªæ¢³å­çš„è¯æ¡è¿™ä¹ˆå¤šï¼Œç”šè‡³è¿˜æœ‰â€¦â€¦æ”¹å˜ç”»é£çš„åŠŸèƒ½ï¼?)""",1,/Script/Engine.Texture2D'/Game/Aoitaism/Asset/Photo/Cards/Card_10205.Card_10205',None,None
10205,10205,"NSLOCTEXT(""DT_CardsUI [A1E8A11F5D2A9E86DDB68A4AB1650183]"", ""10205_Cardname"", ""æ°¸ä¸é¥¶æ•"")","NSLOCTEXT(""DT_CardsUI [A1E8A11F5D2A9E86DDB68A4AB1650183]"", ""10205_DetailDescription"", ""é©±ç¦»ï¼šæ¿€æ´»åä½¿é˜Ÿåˆ—ä¸­çš„æ‰€æœ‰éåŒè‰²å¡ç‰Œå¤±æ•ˆ\r\nå›å¤3ç‚¹è´¹ç”¨\r\nä½¿åä¸€å¼ ç‰Œæ•ˆæœæ•?10"")","NSLOCTEXT(""DT_CardsUI [A1E8A11F5D2A9E86DDB68A4AB1650183]"", ""10205_Carddescription"", ""åœŸæ˜Ÿè‡ªæ²»é¢†æ­»äº?0ä¸‡äººï¼Œæˆ‘ä»¬ä¹Ÿåº”è¯¥è¦æœ‰è¿™ä¸ªè§‰æ‚Ÿå?)""",1,/Script/Engine.Texture2D'/Game/Aoitaism/Asset/Photo/Cards/Card_10205.Card_10205',None,None
10206,10206,"NSLOCTEXT(""DT_CardsUI [A1E8A11F5D2A9E86DDB68A4AB1650183]"", ""10206_Cardname"", ""åŠ¨å‘˜"")","NSLOCTEXT(""DT_CardsUI [A1E8A11F5D2A9E86DDB68A4AB1650183]"", ""10206_DetailDescription"", ""ç»™äºˆå·¦å³ä¸¤å¼ ç‰Œâ€œå¾…å‘½â€æ•ˆæ?)""","NSLOCTEXT(""DT_CardsUI [A1E8A11F5D2A9E86DDB68A4AB1650183]"", ""10206_Carddescription"", ""æˆ‘ä»¬çš„å¿ƒä¸­éƒ½æœ‰ä¸€ç‰‡è¡€æµ·ï¼Œé‚£å°±æ˜¯å¤©ï¼å ‚ï¼ä¹‹ï¼æˆ˜ï¼?)""",1,/Script/Engine.Texture2D'/Game/Aoitaism/Asset/Photo/Cards/Card_10205.Card_10205',None,None
10207,10207,"NSLOCTEXT(""DT_CardsUI [A1E8A11F5D2A9E86DDB68A4AB1650183]"", ""10207_Cardname"", ""å¯¹å³™"")","NSLOCTEXT(""DT_CardsUI [A1E8A11F5D2A9E86DDB68A4AB1650183]"", ""10207_DetailDescription"", ""æ¿€æ´»åï¼Œå°†è‹¥å¹²æ‰‹ç‰Œæ’å…¥é˜Ÿåˆ—ï¼Œç›´åˆ°é˜Ÿåˆ—æ»¡æˆ–è€…æ‰‹ç‰Œè€—å°½ï¼Œå¹¶ä½¿è¿™äº›å¡ç‰Œçš„èŠ±è´¹-2"")","NSLOCTEXT(""DT_CardsUI [A1E8A11F5D2A9E86DDB68A4AB1650183]"", ""10207_Carddescription"", ""å¥–æ± è¿˜åœ¨ç´¯è®¡"")",1,/Script/Engine.Texture2D'/Game/Aoitaism/Asset/Photo/Cards/Card_10205.Card_10205',None,None
10208,10208,"NSLOCTEXT(""DT_CardsUI [A1E8A11F5D2A9E86DDB68A4AB1650183]"", ""10208_Cardname"", ""é©å‘½ä¹‹ç«"")","NSLOCTEXT(""DT_CardsUI [A1E8A11F5D2A9E86DDB68A4AB1650183]"", ""10208_DetailDescription"", ""ä½¿æ‹¥æœ‰è€…è·å¾—æŒç»?å›åˆçš„æ•ˆæœï¼šé©å‘½ä¹‹ç«\r\né©å‘½ä¹‹ç«ï¼šæ¯æ¬¡æœ‰å¡ç‰Œå¤±æ•ˆæ—¶ï¼Œè®°å…¥ç­‰çº§+1ï¼›æ¯ä¸€å±‚ä½¿å•ä½æ‹¥æœ‰çš„å¡ç‰Œæ•ˆæœæ•°+3ã€?)""","NSLOCTEXT(""DT_CardsUI [A1E8A11F5D2A9E86DDB68A4AB1650183]"", ""10208_Carddescription"", ""æªå£ä¼šå°„å‡ºè¡€æ¶²ï¼Œä½†ä¸ä¼šå°„å‡ºé²œèŠ?)""",1,/Script/Engine.Texture2D'/Game/Aoitaism/Asset/Photo/Cards/Card_10205.Card_10205',None,None
10209,10209,"NSLOCTEXT(""DT_CardsUI [A1E8A11F5D2A9E86DDB68A4AB1650183]"", ""10209_Cardname"", ""å‹åˆ¶"")","NSLOCTEXT(""DT_CardsUI [A1E8A11F5D2A9E86DDB68A4AB1650183]"", ""10209_DetailDescription"", ""ä½¿æœ¬é˜Ÿåˆ—æœªå¤±æ•ˆå¡ç‰Œä¸­è´¹ç”¨æœ€é«˜å’Œæœ€ä½çš„å¡ç‰Œå¤±æ•ˆ"")","NSLOCTEXT(""DT_CardsUI [A1E8A11F5D2A9E86DDB68A4AB1650183]"", ""10209_Carddescription"", ""æ¥ï¼çœ‹çœ‹è°æ¯”è¾ƒç¡¬ï¼?)""",1,/Script/Engine.Texture2D'/Game/Aoitaism/Asset/Photo/Cards/Card_10205.Card_10205',None,None
10210,10210,"NSLOCTEXT(""DT_CardsUI [A1E8A11F5D2A9E86DDB68A4AB1650183]"", ""10210_Cardname"", ""å•å…µç«ç®­"")","NSLOCTEXT(""DT_CardsUI [A1E8A11F5D2A9E86DDB68A4AB1650183]"", ""10210_DetailDescription"", ""å¯¹æ•Œäººé€ æˆæ‰©æ•£ä¼¤å®³ï¼Œæ— è§†æŠ¤ç”²ä¸åæ‰§ï¼Œå¹¶æ–½åŠ 1å±‚ç‚¹ç‡ƒï¼Œå¼ƒç‰Œæ—¶ç§»é™¤\r\næ‰©æ•£2ï¼šå¯¹å‘½ä¸­çš„ç¬¬ä¸€ã€ç¬¬äºŒã€ç¬¬ä¸‰ä¸ªä½ç½®ä¸Šçš„å•ä½åˆ†åˆ«é€ æˆ100%ï¼?0%ï¼?0%çš„ä¼¤å®³\r\nç‚¹ç‡ƒï¼šå›åˆç»“æŸæ¯å±‚é€ æˆ3ç‚¹ä¼¤å®³ï¼Œæ¸…é™¤å¹¶æŒ‰ç…§å±‚æ•°è½¬åŒ–ä¸ºå¯¹åº”ç­‰çº§çš„çƒ§ä¼¤ï¼Œå¯å åŠ \r\nçƒ§ä¼¤ï¼šç›®æ ‡å—åˆ°çš„ä¸‹ä¸€æ¬¡æ²»ç–—ä¸äº§ç”Ÿæ•ˆæœï¼Œè€Œæ˜¯ä½¿è¯¥buffç­‰çº§-1"")","NSLOCTEXT(""DT_CardsUI [A1E8A11F5D2A9E86DDB68A4AB1650183]"", ""10210_Carddescription"", ""ä¸æ˜¯ï¼Œæœ‰è¿™ä¸ªå¿…è¦æ£åœ¨èº«ä¸Šå?)""",1,/Script/Engine.Texture2D'/Game/Aoitaism/Asset/Photo/Cards/Card_10205.Card_10205',None,None
10301,10301,"NSLOCTEXT(""DT_CardsUI [A1E8A11F5D2A9E86DDB68A4AB1650183]"", ""10301_Cardname"", ""é“æ‹³"")","NSLOCTEXT(""DT_CardsUI [A1E8A11F5D2A9E86DDB68A4AB1650183]"", ""10301_DetailDescription"", ""å¯¹ç›®æ ‡é€ æˆä¼¤å®³ï¼Œå¹¶å°†é€ æˆçš„ä¼¤å®³æ²»ç–—æˆ‘æ–¹ç”Ÿå‘½æœ€ä½çš„è§’è‰²\r\nå¾…å‘½ï¼šæ‰§è¡Œæ—¶ï¼Œå¡ç‰Œæ•ˆæœæ•°å¢åŠ ç­‰åŒå·²æ‰§è¡Œå¡ç‰Œçš„æ•°é‡"")","NSLOCTEXT(""DT_CardsUI [A1E8A11F5D2A9E86DDB68A4AB1650183]"", ""10301_Carddescription"", ""â€œå¥½å˜›ï¼Œå¡”éº»å¾·ä¸€æ‹³ï¼â€?)""",1,/Script/Engine.Texture2D'/Game/Aoitaism/Asset/Photo/Cards/Card_10302.Card_10302',None,None
10302,10302,"NSLOCTEXT(""DT_CardsUI [A1E8A11F5D2A9E86DDB68A4AB1650183]"", ""10302_Cardname"", ""å†…å¤–ç§?)""","NSLOCTEXT(""DT_CardsUI [A1E8A11F5D2A9E86DDB68A4AB1650183]"", ""10302_DetailDescription"", ""æ²»ç–—æˆ‘æ–¹ç”Ÿå‘½æœ€ä½çš„è§’è‰²10ç‚¹ç”Ÿå‘½å€¼\r\nä¸´è‰²æ¿€åŠ±ï¼šæ‰§è¡Œå‰åˆ¤æ–­å·¦å³æ˜¯å¦å­˜åœ¨ç»¿ç‰Œï¼Œæ¯å­˜åœ¨ä¸€å¼ ï¼Œä¸´æ—¶æ•ˆæœå¢åŠ 100%"")","NSLOCTEXT(""DT_CardsUI [A1E8A11F5D2A9E86DDB68A4AB1650183]"", ""10302_Carddescription"", ""â€œæˆ‘çœ‹ä½ å°±æ˜¯åˆæ‰¾ä¸ªå€Ÿå£ä¸è®©æˆ‘æ´—æ¾¡ï¼Œå“¼ã€‚â€?)""",1,/Script/Engine.Texture2D'/Game/Aoitaism/Asset/Photo/Cards/Card_10302.Card_10302',None,None
10303,10303,"NSLOCTEXT(""DT_CardsUI [A1E8A11F5D2A9E86DDB68A4AB1650183]"", ""10303_Cardname"", ""ä½“æ£€"")","NSLOCTEXT(""DT_CardsUI [A1E8A11F5D2A9E86DDB68A4AB1650183]"", ""10303_DetailDescription"", ""å›å¤6ç‚¹è´¹ç”¨ï¼Œå¹¶é©±æ•£æœ€å‰æ–¹é˜Ÿå‹çš?ä¸ªè´Ÿé¢æ•ˆæ?)""","NSLOCTEXT(""DT_CardsUI [A1E8A11F5D2A9E86DDB68A4AB1650183]"", ""10303_Carddescription"", ""\""æ‰€ä»¥ï¼Œä½“æ£€ä¸ºä»€ä¹ˆäº§è´¹å•Šï¼\"""")",1,/Script/Engine.Texture2D'/Game/Aoitaism/Asset/Photo/Cards/Card_10302.Card_10302',None,None
10304,10304,"NSLOCTEXT(""DT_CardsUI [A1E8A11F5D2A9E86DDB68A4AB1650183]"", ""10304_Cardname"", ""å®‡å®™å®‰å…¨å£°æ˜"")","NSLOCTEXT(""DT_CardsUI [A1E8A11F5D2A9E86DDB68A4AB1650183]"", ""10304_DetailDescription"", ""æå‡æˆ‘æ–¹æ‰€æœ‰å•ä½?æŠ¤ç”²\r\næ²»ç–—å…¨ä½“è§’è‰²20ç”Ÿå‘½å€¼\r\nä½¿çš„æˆ‘æ–¹è§’è‰²è·å¾—æŒç»­2å›åˆçš„æ•ˆæœï¼šå®‰å…¨å£°æ˜\r\nå®‰å…¨å£°æ˜ï¼šæˆ‘æ–¹è§’è‰²çš„è¿›æ”»æ•ˆç‡ä¸‹é™90%ï¼Œé˜²å¾¡æ•ˆç‡æå?0%"")","NSLOCTEXT(""DT_CardsUI [A1E8A11F5D2A9E86DDB68A4AB1650183]"", ""10304_Carddescription"", ""â€œé™ä¸´æ´¾çœ‹äº†ç›´æ‘‡å¤´ã€‚â€?)""",1,/Script/Engine.Texture2D'/Game/Aoitaism/Asset/Photo/Cards/Card_10302.Card_10302',None,None
10305,10305,"NSLOCTEXT(""DT_CardsUI [A1E8A11F5D2A9E86DDB68A4AB1650183]"", ""10305_Cardname"", ""ä¸‰ä½“ä½œæ¯"")","NSLOCTEXT(""DT_CardsUI [A1E8A11F5D2A9E86DDB68A4AB1650183]"", ""10305_DetailDescription"", ""æ¿€æ´»ä½¿ä¸‹ä¸€å›åˆé˜Ÿåˆ—ä¸­çš„æ‰€æœ‰å¡ç‰ŒèŠ±è´?1ï¼Œå¡ç‰Œæ•ˆæœæ•°+1"")","NSLOCTEXT(""DT_CardsUI [A1E8A11F5D2A9E86DDB68A4AB1650183]"", ""10305_Carddescription"", ""â€œæˆ‘æ‰“ä¸‰ä½“äººï¼ŒçœŸçš„å‡çš„ã€‚â€?)""",1,/Script/Engine.Texture2D'/Game/Aoitaism/Asset/Photo/Cards/Card_10302.Card_10302',None,None
10306,10306,"NSLOCTEXT(""DT_CardsUI [A1E8A11F5D2A9E86DDB68A4AB1650183]"", ""10306_Cardname"", ""å¢æ´"")","NSLOCTEXT(""DT_CardsUI [A1E8A11F5D2A9E86DDB68A4AB1650183]"", ""10306_DetailDescription"", ""ä»å¼ƒç‰Œå †æŠ½ç‰Œè‡³æ»¡\r\nä»å¼ƒç‰ŒåŒºä¸­æŠ½å–è‹¥å¹²ç‰Œï¼Œç›´åˆ°æ‰‹ç‰ŒåŒºæ»?)""","NSLOCTEXT(""DT_CardsUI [A1E8A11F5D2A9E86DDB68A4AB1650183]"", ""10306_Carddescription"", ""â€œå†¥åœŸè¿½é­‚ç®—å¤–ç§‘è¿˜æ˜¯å†…ç§‘ã€‚â€?)""",1,/Script/Engine.Texture2D'/Game/Aoitaism/Asset/Photo/Cards/Card_10302.Card_10302',None,None
10307,10307,"NSLOCTEXT(""DT_CardsUI [A1E8A11F5D2A9E86DDB68A4AB1650183]"", ""10307_Cardname"", ""åå¤å¼€åˆ€"")","NSLOCTEXT(""DT_CardsUI [A1E8A11F5D2A9E86DDB68A4AB1650183]"", ""10307_DetailDescription"", ""å¯¹ç›®æ ‡é€ æˆ5æ¬¡ä¼¤å®?)""","NSLOCTEXT(""DT_CardsUI [A1E8A11F5D2A9E86DDB68A4AB1650183]"", ""10307_Carddescription"", ""â€œä¸æ˜¯ä¸æ˜¯ä¸æ˜¯ï¼Œè¿™è¿™è¿™ä¸å¯¹å§ï¼Œæˆ‘ï¼Œæˆ‘é”™äº†é”™äº†å†ä¹Ÿä¸æ•¢äº†ã€‚â€?)""",1,/Script/Engine.Texture2D'/Game/Aoitaism/Asset/Photo/Cards/Card_10302.Card_10302',None,None
10308,10308,"NSLOCTEXT(""DT_CardsUI [A1E8A11F5D2A9E86DDB68A4AB1650183]"", ""10308_Cardname"", ""é•‡å®šå‰?)""","NSLOCTEXT(""DT_CardsUI [A1E8A11F5D2A9E86DDB68A4AB1650183]"", ""10308_DetailDescription"", ""ä½¿æˆ‘æ–¹æ„ŸæŸ“åº¦æœ€é«˜çš„ç›®æ ‡æ„ŸæŸ“åº¦ä¸‹é™?0%ï¼Œå¹¶ä½¿å…¶é™·å…¥çœ©æ™•ã€?)""","NSLOCTEXT(""DT_CardsUI [A1E8A11F5D2A9E86DDB68A4AB1650183]"", ""10308_Carddescription"", ""â€œè¿™ä¸‹å®Œäº†ï¼Œæ¬§é¸¥è¦è¢«æ‹‰å›å»åƒè¯äº†ã€‚â€?)""",1,/Script/Engine.Texture2D'/Game/Aoitaism/Asset/Photo/Cards/Card_10302.Card_10302',None,None
10309,10309,"NSLOCTEXT(""DT_CardsUI [A1E8A11F5D2A9E86DDB68A4AB1650183]"", ""10309_Cardname"", ""éº»é†‰"")","NSLOCTEXT(""DT_CardsUI [A1E8A11F5D2A9E86DDB68A4AB1650183]"", ""10309_DetailDescription"", ""å¯¹ç›®æ ‡é€ æˆä¼¤å®³ï¼Œå¹¶ä¸”æä¾›æŒç»?å›åˆçš„éº»ç—¹ï¼š\r\néº»ç—¹ï¼šæ„è¯†é™ä½?0%ï¼Œå¹¶ä¸”æ”¶åˆ°çš„æ”»å‡»ä¼¤å®³ç¿»å€?)""","NSLOCTEXT(""DT_CardsUI [A1E8A11F5D2A9E86DDB68A4AB1650183]"", ""10309_Carddescription"", ""â€œå“‡ï¼ä½ æ‰æˆ‘å¹²â€¦â€¦zzzâ€?)""",1,/Script/Engine.Texture2D'/Game/Aoitaism/Asset/Photo/Cards/Card_10302.Card_10302',None,None
10310,10310,"NSLOCTEXT(""DT_CardsUI [A1E8A11F5D2A9E86DDB68A4AB1650183]"", ""10310_Cardname"", ""ç´§æ€¥é™¤é¢?)""","NSLOCTEXT(""DT_CardsUI [A1E8A11F5D2A9E86DDB68A4AB1650183]"", ""10310_DetailDescription"", ""å¤æ´»ä¸€ä¸ªæœ€è¿œç¦»ä¸­åœºçš„è§’è‰²ï¼Œå¹¶æ¢å¤å…¶30ç‚¹ç”Ÿå‘½å€?)""","NSLOCTEXT(""DT_CardsUI [A1E8A11F5D2A9E86DDB68A4AB1650183]"", ""10310_Carddescription"", ""â€œå—¯â€¦â€¦æˆ‘ä¸æ˜¯æ­»äº†å—ï¼Ÿå¤©å ‚ï¼Ÿâ€?)""",1,/Script/Engine.Texture2D'/Game/Aoitaism/Asset/Photo/Cards/Card_10302.Card_10302',None,None
10401,10401,"NSLOCTEXT(""DT_CardsUI [A1E8A11F5D2A9E86DDB68A4AB1650183]"", ""10401_Cardname"", ""ç¾ä¸½æ–°ä¸–ç•?)""","NSLOCTEXT(""DT_CardsUI [A1E8A11F5D2A9E86DDB68A4AB1650183]"", ""10401_DetailDescription"", ""å¾ªç¯0/10\r\nå•è½®æ¿€æ´»è´¹ç”¨ä¸º0ï¼Œå¾ªç¯æ€»æ¬¡æ•°ä¸º10"")","NSLOCTEXT(""DT_CardsUI [A1E8A11F5D2A9E86DDB68A4AB1650183]"", ""10401_Carddescription"", ""è°æ§åˆ¶ç°åœ¨ï¼Œè°å°±æ§åˆ¶è¿‡å»ï¼›è°æ§åˆ¶è¿‡å»ï¼Œè°å°±æ§åˆ¶æœªæ¥ï¼›"")",1,/Script/Engine.Texture2D'/Game/Aoitaism/Asset/Photo/Cards/Card_10401.Card_10401',None,None
10402,10402,"NSLOCTEXT(""DT_CardsUI [A1E8A11F5D2A9E86DDB68A4AB1650183]"", ""10402_Cardname"", ""ç™¾ä¸‡è‹±é•‘"")","NSLOCTEXT(""DT_CardsUI [A1E8A11F5D2A9E86DDB68A4AB1650183]"", ""10402_DetailDescription"", ""æ¿€æ´»åè·å¾—1ä¸ªæŒç»?å›åˆçš„å¢ç›Šï¼šæœŸè´§\r\næœŸè´§ï¼šæ¯å±‚ä½¿å›åˆç»“æŸå›å¤8ç‚¹è´¹ç”¨ï¼Œå¯å åŠ?)""","NSLOCTEXT(""DT_CardsUI [A1E8A11F5D2A9E86DDB68A4AB1650183]"", ""10402_Carddescription"", ""è™½ç„¶åœ°çƒä¿¡ç”¨ç‚¹åœ¨è¿™é‡Œä¸æµé€šï¼Œæ‰€æœ‰äººéƒ½çŸ¥é“ï¼Œè¿™ä¸ªä½™é¢çš„æ•°é‡çº§æ„å‘³ç€ä»€ä¹?)""",1,/Script/Engine.Texture2D'/Game/Aoitaism/Asset/Photo/Cards/Card_10401.Card_10401',None,None
10403,10403,"NSLOCTEXT(""DT_CardsUI [A1E8A11F5D2A9E86DDB68A4AB1650183]"", ""10403_Cardname"", ""é‡‘èé£æš´"")","NSLOCTEXT(""DT_CardsUI [A1E8A11F5D2A9E86DDB68A4AB1650183]"", ""10403_DetailDescription"", ""æ¸…ç©ºåŒæ–¹çš„è´¹ç”¨ï¼Œå¹¶è·å¾—ç­‰çº§ç­‰åŒäºå½“å‰æ‰‹ç‰Œä¸­ã€è¡ç”Ÿé›†å›¢ã€‘æ•°é‡çš„å¢ç›Šï¼šæœŸè´?)""","NSLOCTEXT(""DT_CardsUI [A1E8A11F5D2A9E86DDB68A4AB1650183]"", ""10403_Carddescription"", ""å—¯ï¼Œè¿™ç¡®å®æ˜¯ä¸ªè‰°éš¾çš„é—®é¢˜ã€‚ä½†è¯·è®°ä½ï¼Œæˆ‘ä»¬æ˜¯åœ¨ä¸ºæ›´ä¼Ÿå¤§çš„ç›®æ ‡ç­¹é›†èµ„é‡‘ï¼Œå®ƒä»¬æ€»æœ‰å‡ºè·¯ä¸æ˜¯å—ï¼Ÿ"")",1,/Script/Engine.Texture2D'/Game/Aoitaism/Asset/Photo/Cards/Card_10401.Card_10401',None,None
10404,10404,"NSLOCTEXT(""DT_CardsUI [A1E8A11F5D2A9E86DDB68A4AB1650183]"", ""10404_Cardname"", ""ä¸»ç®¡"")","NSLOCTEXT(""DT_CardsUI [A1E8A11F5D2A9E86DDB68A4AB1650183]"", ""10404_DetailDescription"", ""å¾ªç¯1/4ï¼Œæ¯æ¬¡æ¿€æ´»å¾ªç¯ä½¿åç»­å¡ç‰Œæ•ˆæœæ•?1\r\nå•è½®æ¿€æ´»è´¹ç”¨ä¸º1ï¼Œå¾ªç¯æ€»æ¬¡æ•°ä¸º4"")","NSLOCTEXT(""DT_CardsUI [A1E8A11F5D2A9E86DDB68A4AB1650183]"", ""10404_Carddescription"", ""è®¤çŸ¥æ»¤ç½‘ä¼šæ¢¦è§æ ¸å¿ƒå´©åå—ï¼?)""",1,/Script/Engine.Texture2D'/Game/Aoitaism/Asset/Photo/Cards/Card_10401.Card_10401',None,None
10405,10405,"NSLOCTEXT(""DT_CardsUI [A1E8A11F5D2A9E86DDB68A4AB1650183]"", ""10405_Cardname"", ""ç©ºè¢­"")","NSLOCTEXT(""DT_CardsUI [A1E8A11F5D2A9E86DDB68A4AB1650183]"", ""10405_DetailDescription"", ""å¯¹æ•Œæ–¹æ‰€æœ‰å•ä½é€ æˆä¼¤å®³ï¼Œä¸”æ¯æœ‰ä¸€å¼ ã€è¡ç”Ÿé›†å›¢ã€‘æœ¬å¡ç‰Œè¿›æ”»æ•ˆç‡æå‡50%"")","NSLOCTEXT(""DT_CardsUI [A1E8A11F5D2A9E86DDB68A4AB1650183]"", ""10405_Carddescription"", ""å¥½å§ï¼Œé‚£æˆ‘åªèƒ½åŒæ„ä¸¢ç‚¹ç‚¸å¼¹å»è·Ÿä»–ä»¬è°ˆåˆ¤äº†"")",1,/Script/Engine.Texture2D'/Game/Aoitaism/Asset/Photo/Cards/Card_10401.Card_10401',None,None
10406,10406,"NSLOCTEXT(""DT_CardsUI [A1E8A11F5D2A9E86DDB68A4AB1650183]"", ""10406_Cardname"", ""å†·è—"")","NSLOCTEXT(""DT_CardsUI [A1E8A11F5D2A9E86DDB68A4AB1650183]"", ""10406_DetailDescription"", ""ç§»å‡ºæ‰‹ç‰Œä¸­çš„æ‰€æœ‰ã€è¡ç”Ÿé›†å›¢ã€?)""","NSLOCTEXT(""DT_CardsUI [A1E8A11F5D2A9E86DDB68A4AB1650183]"", ""10406_Carddescription"", ""å…¸èŒƒï¼Œæ²¡æœ‰ä»»ä½•æ”¯æ’‘ï¼Œç™½æ‰‹èµ·å®¶"")",1,/Script/Engine.Texture2D'/Game/Aoitaism/Asset/Photo/Cards/Card_10401.Card_10401',None,None
10407,10407,"NSLOCTEXT(""DT_CardsUI [A1E8A11F5D2A9E86DDB68A4AB1650183]"", ""10407_Cardname"", ""å°é”"")","NSLOCTEXT(""DT_CardsUI [A1E8A11F5D2A9E86DDB68A4AB1650183]"", ""10407_DetailDescription"", ""ä¸ºæ•Œäººå¢åŠ ç­‰åŒæœ¬å¡ç‰Œè´¹ç”¨çš„èŠ±è´¹ï¼Œä½¿æœ¬å›åˆä¸ç»“ç®—æ•Œæ–¹é˜Ÿåˆ?)""","NSLOCTEXT(""DT_CardsUI [A1E8A11F5D2A9E86DDB68A4AB1650183]"", ""10407_Carddescription"", ""å¥¥å…°ï¼Œä½ è¿™ä¹ˆä¼šæ‰“æ¶ï¼Œä½ å°±ä¸ä¼šç”¨è¿™6å—é’±åˆ›é€ ä¸€ç‚¹å€Ÿå£å—ï¼Ÿ"")",1,/Script/Engine.Texture2D'/Game/Aoitaism/Asset/Photo/Cards/Card_10401.Card_10401',None,None
10408,10408,"NSLOCTEXT(""DT_CardsUI [A1E8A11F5D2A9E86DDB68A4AB1650183]"", ""10408_Cardname"", ""é©±åŠ¨æ˜Ÿé—¨ç§˜é’¥"")","NSLOCTEXT(""DT_CardsUI [A1E8A11F5D2A9E86DDB68A4AB1650183]"", ""10408_DetailDescription"", ""åœ¨ã€ç§æ æˆ˜æœºã€‘ã€ã€å¸çº§èˆ°ã€‘ã€ã€æ´»æ˜Ÿã€‘ä¸­éšæœºé€‰å–ä¸€å¼ åŠ å…¥æ‰‹ç‰Œï¼Œå¼ƒç‰Œæ—¶é”€æ¯?)""","NSLOCTEXT(""DT_CardsUI [A1E8A11F5D2A9E86DDB68A4AB1650183]"", ""10408_Carddescription"", ""æˆ‘åæ„Ÿè¿™ä¸ªä¸œè¥¿ï¼Œè¿™è®©æˆ‘æƒ³åˆ°æˆ‘çˆ¶äº²â€¦â€?)""",1,/Script/Engine.Texture2D'/Game/Aoitaism/Asset/Photo/Cards/Card_10401.Card_10401',None,None
10409,10409,"NSLOCTEXT(""DT_CardsUI [A1E8A11F5D2A9E86DDB68A4AB1650183]"", ""10409_Cardname"", ""å—å‘é¢ è¦†ç‰¹å¿«"")","NSLOCTEXT(""DT_CardsUI [A1E8A11F5D2A9E86DDB68A4AB1650183]"", ""10409_DetailDescription"", ""ä¸ºæ•Œäººå¢åŠ ç­‰åŒæœ¬å¡ç‰Œè´¹ç”¨çš„èŠ±è´¹ï¼Œæ ¹æ®æ‰‹ç‰Œä¸­ã€è¡ç”Ÿé›†å›¢ã€‘çš„æ•°é‡ï¼Œå†³å®šå¡ç‰Œæ•ˆæœï¼Œå¼ƒç‰Œæ—¶é”€æ¯\r\n1å¼ ï¼šæ•Œæ–¹æ„è¯†æ°¸ä¹…ä¸‹é™10%\r\n3å¼ ï¼šæ•Œæ–¹æ‰€æœ‰å¡ç‰ŒèŠ±è´?2\r\n4å¼ ï¼šæ¸…ç©ºæ‰€æœ‰æ•Œæ–¹çš„æŠ¤ç”²\r\n5å¼ ï¼šæ•Œæ–¹é˜Ÿä¼ä¸­å‰©ä½™è¡€é‡æœ€å°çš„å•ä½å°†ä¼šç›´æ¥æ­»äº¡\r\n8å¼ ï¼šæ•Œæ–¹çš„ç”Ÿå‘½å€¼å°†ä¼šè¢«å‰Šå¼±è‡?ç‚?)""","NSLOCTEXT(""DT_CardsUI [A1E8A11F5D2A9E86DDB68A4AB1650183]"", ""10409_Carddescription"", ""é‡‘å¤šï¼ä½ æ€ä¹ˆç»™æ³•è¥¿æ–¯é€æ­¦å™¨ï¼ä½ ä¸çŸ¥é“ä»–ä»¬å¤©å¤©å®£ä¼ å•†ä¼šå¨èƒè®ºå—ï¼?)""",1,/Script/Engine.Texture2D'/Game/Aoitaism/Asset/Photo/Cards/Card_10401.Card_10401',None,None
10410,10410,"NSLOCTEXT(""DT_CardsUI [A1E8A11F5D2A9E86DDB68A4AB1650183]"", ""10410_Cardname"", ""å…¬æµ·"")","NSLOCTEXT(""DT_CardsUI [A1E8A11F5D2A9E86DDB68A4AB1650183]"", ""10410_DetailDescription"", ""ä¸ºæ•Œäººå¢åŠ ç­‰åŒæœ¬å¡ç‰Œè´¹ç”¨çš„èŠ±è´¹ï¼ŒåŒæ—¶æ·»åŠ 3å¼ ã€è¡ç”Ÿé›†å›¢ã€‘åˆ°æŠ½ç‰Œå †ä¸­"")","NSLOCTEXT(""DT_CardsUI [A1E8A11F5D2A9E86DDB68A4AB1650183]"", ""10410_Carddescription"", ""ç­‰åˆ°æˆ‘ä»¬æœ‰äº†å·¡æ´‹èˆ°ï¼Œå°±æ˜¯ä»–ä»¬æ¥æ‰¾æˆ‘ä»¬è°ˆèˆªè¡Œè‡ªç”±äº†"")",1,/Script/Engine.Texture2D'/Game/Aoitaism/Asset/Photo/Cards/Card_10401.Card_10401',None,None
10461,10461,"NSLOCTEXT(""DT_CardsUI [A1E8A11F5D2A9E86DDB68A4AB1650183]"", ""10461_Cardname"", ""è¡ç”Ÿé›†å›¢"")","NSLOCTEXT(""DT_CardsUI [A1E8A11F5D2A9E86DDB68A4AB1650183]"", ""10461_DetailDescription"", ""è¯¥ç‰Œæ²¡æœ‰æ•ˆæœï¼Œå¼ƒç‰Œæ—¶ç»™äºˆ3ç‚¹è´¹ç”¨ï¼Œå¹¶é”€æ¯?)""","NSLOCTEXT(""DT_CardsUI [A1E8A11F5D2A9E86DDB68A4AB1650183]"", ""10461_Carddescription"", ""å›¢ç»“åœ¨åŒä¸€é¢æ——å¸œä¸‹ï¼ŒåŒä¸€é¢åˆ©ç›Šçš„æ——å¸œ"")",1,/Script/Engine.Texture2D'/Game/Aoitaism/Asset/Photo/Cards/Card_10401.Card_10401',None,None
10462,10462,"NSLOCTEXT(""DT_CardsUI [A1E8A11F5D2A9E86DDB68A4AB1650183]"", ""10462_Cardname"", ""ç§æ æˆ˜æœº"")","NSLOCTEXT(""DT_CardsUI [A1E8A11F5D2A9E86DDB68A4AB1650183]"", ""10462_DetailDescription"", ""å¯¹æ•Œæ–¹æ‰€æœ‰å•ä½é€ æˆä¼¤å®³ï¼›ä½ çš„å›åˆç»“æŸæ—¶ï¼Œæ­¤å¡ç‰Œå°†è¿”å›æ‰‹ä¸­ï¼Œä¸”æ¯æœ‰ä¸€å¼ ã€è¡ç”Ÿé›†å›¢ã€‘æœ¬å¡ç‰Œè¿›æ”»æ•ˆç‡æå‡50%"")","NSLOCTEXT(""DT_CardsUI [A1E8A11F5D2A9E86DDB68A4AB1650183]"", ""10462_Carddescription"", ""â€œâ€¦â€¦å½“ç„¶ï¼Œå…¬å¸å°†ä¸¥é‡æ‰“å‡»åœ¨å…¬å¸ç‰¹è®¸åŒºå†…è¿›è¡Œçš„ç§æ è¡Œä¸ºã€‚â€?)""",1,/Script/Engine.Texture2D'/Game/Aoitaism/Asset/Photo/Cards/Card_10401.Card_10401',None,None
10463,10463,"NSLOCTEXT(""DT_CardsUI [A1E8A11F5D2A9E86DDB68A4AB1650183]"", ""10463_Cardname"", ""å¸çº§èˆ?)""","NSLOCTEXT(""DT_CardsUI [A1E8A11F5D2A9E86DDB68A4AB1650183]"", ""10463_DetailDescription"", ""å¯¹æ•Œæ–¹æ‰€æœ‰å•ä½é€ æˆä¼¤å®³ï¼›é¦–æ¬¡æ¿€æ´»ä¸ä¼šé€ æˆä¼¤å®³ï¼Œä½ çš„å›åˆç»“æŸæ—¶ï¼Œæ­¤å¡ç‰Œå°†è¿”å›æ‰‹ä¸­ï¼Œä¸”æ¯æœ‰ä¸€å¼ ã€è¡ç”Ÿé›†å›¢ã€‘æœ¬å¡ç‰Œè¿›æ”»æ•ˆç‡æå‡50%"")","NSLOCTEXT(""DT_CardsUI [A1E8A11F5D2A9E86DDB68A4AB1650183]"", ""10463_Carddescription"", ""â€œâ€¦â€¦é‚£æ˜¯â€œåº·é‡‡æ©â€çº§ï¼Œæ¯”ç‚¹ç‚¹æ˜Ÿå…‰è¦æœ‰æ„ä¹‰ã€‚â€?)""",1,/Script/Engine.Texture2D'/Game/Aoitaism/Asset/Photo/Cards/Card_10401.Card_10401',None,None
10464,10464,"NSLOCTEXT(""DT_CardsUI [A1E8A11F5D2A9E86DDB68A4AB1650183]"", ""10464_Cardname"", ""æ–°æ˜Ÿç«èŠ±"")","NSLOCTEXT(""DT_CardsUI [A1E8A11F5D2A9E86DDB68A4AB1650183]"", ""10464_DetailDescription"", ""å¯¹æ•Œæ–¹æ‰€æœ‰å•ä½é€ æˆä¼¤å®³ï¼›å‰3æ¬¡æ¿€æ´»ä¸ä¼šé€ æˆä¼¤å®³ï¼Œä½ çš„å›åˆç»“æŸæ—¶ï¼Œæ­¤å¡ç‰Œå°†è¿”å›æ‰‹ä¸­ã€‚ä¸”æ¯æœ‰ä¸€å¼ ã€è¡ç”Ÿé›†å›¢ã€‘æœ¬å¡ç‰Œè¿›æ”»æ•ˆç‡æå‡50%"")","NSLOCTEXT(""DT_CardsUI [A1E8A11F5D2A9E86DDB68A4AB1650183]"", ""10464_Carddescription"", ""â€œâ€¦â€¦å…¨é“¶æ²³æœ€ä¼˜ç§€çš„æ˜Ÿé™…é‡‡çŸ¿æœºï¼Œæˆ‘ä»¬ç§°ä¹‹ä¸ºé«˜æ•ˆï¼â€?)""",1,/Script/Engine.Texture2D'/Game/Aoitaism/Asset/Photo/Cards/Card_10401.Card_10401',None,None
10501,10501,"NSLOCTEXT(""DT_CardsUI [A1E8A11F5D2A9E86DDB68A4AB1650183]"", ""10501_Cardname"", ""å…¬å…³"")","NSLOCTEXT(""DT_CardsUI [A1E8A11F5D2A9E86DDB68A4AB1650183]"", ""10501_DetailDescription"", ""ä½¿æœ¬å¡ç‰ŒåŠå…¶å·¦å³å?å¼ å¡ç‰Œæ‹¥æœ‰è€…çš„æ„è¯†æé«˜100ï¼?)""","NSLOCTEXT(""DT_CardsUI [A1E8A11F5D2A9E86DDB68A4AB1650183]"", ""10501_Carddescription"", ""æˆ‘ä¸æ˜¯é£æ§ï¼Œè‡ªå·±æ”¶æ‹¾ä½ å¸¦çš„èŠ‚å¥?)""",1,/Script/Engine.Texture2D'/Game/Aoitaism/Asset/Photo/Cards/Card_10503.Card_10503',None,None
10502,10502,"NSLOCTEXT(""DT_CardsUI [A1E8A11F5D2A9E86DDB68A4AB1650183]"", ""10502_Cardname"", ""æ¥ç®¡"")","NSLOCTEXT(""DT_CardsUI [A1E8A11F5D2A9E86DDB68A4AB1650183]"", ""10502_DetailDescription"", ""å˜æ›´åä¸€å¼ å¡ç‰Œçš„æ‹¥æœ‰è€…ï¼Œä½¿å…¶å±äºç»æµ·ï¼Œå¼ƒç‰Œåå½’è¿˜"")","NSLOCTEXT(""DT_CardsUI [A1E8A11F5D2A9E86DDB68A4AB1650183]"", ""10502_Carddescription"", ""å•Šå•Šå—¯â€¦â€¦å‘å‡ºä¸æƒ³åŠ ç­çš„å£°éŸ³"")",1,/Script/Engine.Texture2D'/Game/Aoitaism/Asset/Photo/Cards/Card_10503.Card_10503',None,None
10503,10503,"NSLOCTEXT(""DT_CardsUI [A1E8A11F5D2A9E86DDB68A4AB1650183]"", ""10503_Cardname"", ""ç¥è¯"")","NSLOCTEXT(""DT_CardsUI [A1E8A11F5D2A9E86DDB68A4AB1650183]"", ""10503_DetailDescription"", ""æ‰§è¡Œåä½¿å·¦å³å?å¼ ç‰Œè„±ç¦»å¤±æ•ˆçŠ¶æ€?)""","NSLOCTEXT(""DT_CardsUI [A1E8A11F5D2A9E86DDB68A4AB1650183]"", ""10503_Carddescription"", ""ä¿¡ä»°ï¼Œæ²¡è§è¿‡ä¿¡ä»°çš„åŠ›é‡å—ï¼?)""",1,/Script/Engine.Texture2D'/Game/Aoitaism/Asset/Photo/Cards/Card_10503.Card_10503',None,None
10504,10504,"NSLOCTEXT(""DT_CardsUI [A1E8A11F5D2A9E86DDB68A4AB1650183]"", ""10504_Cardname"", ""å¹¿æ’­åä¼š"")","NSLOCTEXT(""DT_CardsUI [A1E8A11F5D2A9E86DDB68A4AB1650183]"", ""10504_DetailDescription"", ""ä»¥æ­¤å¡ç‰Œä¸ºä¸­å¿ƒï¼Œå¤åˆ¶å·¦ã€å³å?å¼ ç‰ŒèŒƒå›´å†…çš„æœ€é«˜æ•ˆæœæ•°ï¼Œå¹¶åŒæ­¥ç»™è¯¥èŒƒå›´å†…çš„å…¶ä»–å¡ç‰Œ"")","NSLOCTEXT(""DT_CardsUI [A1E8A11F5D2A9E86DDB68A4AB1650183]"", ""10504_Carddescription"", ""æœ‰ä¸€ç§æ„è¯†ï¼Œå‡Œé©¾äºæ‰€æœ‰ä¹‹ä¸?)""",1,/Script/Engine.Texture2D'/Game/Aoitaism/Asset/Photo/Cards/Card_10503.Card_10503',None,None
10505,10505,"NSLOCTEXT(""DT_CardsUI [A1E8A11F5D2A9E86DDB68A4AB1650183]"", ""10505_Cardname"", ""å…¬æŠ¥"")","NSLOCTEXT(""DT_CardsUI [A1E8A11F5D2A9E86DDB68A4AB1650183]"", ""10505_DetailDescription"", ""æˆ‘æ–¹è¡ŒåŠ¨é˜Ÿåˆ—é¢å¤–è·å¾—ä¸¤ä¸ªæ‰§è¡Œä½ç½®ï¼ŒæŒç»?å›åˆ"")","NSLOCTEXT(""DT_CardsUI [A1E8A11F5D2A9E86DDB68A4AB1650183]"", ""10505_Carddescription"", ""ç”³è¯·å®Œäº†ï¼Œä»–ä»¬åŒæ„äº†"")",1,/Script/Engine.Texture2D'/Game/Aoitaism/Asset/Photo/Cards/Card_10503.Card_10503',None,None
10506,10506,"NSLOCTEXT(""DT_CardsUI [A1E8A11F5D2A9E86DDB68A4AB1650183]"", ""10506_Cardname"", ""å¤§é—ªå…‰ç¯"")","NSLOCTEXT(""DT_CardsUI [A1E8A11F5D2A9E86DDB68A4AB1650183]"", ""10506_DetailDescription"", ""éšæœºä½?ä¸ªæœªé™·å…¥è‡´ç›²çš„æ•Œäººé™·å…¥è‡´ç›²ï¼ŒæŒç»­4å›åˆ\r\nè‡´ç›²ï¼šè¯¥è§’è‰²çš„æ‰€æœ‰å¡ç‰Œå°†è¢«è§†ä¸ºå¤±æ•?)""","NSLOCTEXT(""DT_CardsUI [A1E8A11F5D2A9E86DDB68A4AB1650183]"", ""10506_Carddescription"", ""å“å“ï¼Œåˆ‡è®°ï¼Œæ‹çŒ«å’ªçš„æ—¶å€™è®°å¾—å…³æ‰å®ƒ"")",1,/Script/Engine.Texture2D'/Game/Aoitaism/Asset/Photo/Cards/Card_10503.Card_10503',None,None
10507,10507,"NSLOCTEXT(""DT_CardsUI [A1E8A11F5D2A9E86DDB68A4AB1650183]"", ""10507_Cardname"", ""é«˜å¡”"")","NSLOCTEXT(""DT_CardsUI [A1E8A11F5D2A9E86DDB68A4AB1650183]"", ""10507_DetailDescription"", ""ç»™äºˆæˆ‘æ–¹æœ€é è¿‘ä¸­åœºå•ä½å¢ç›Šï¼šé«˜å¡”\r\né«˜å¡”ï¼šè·å¾?0ç‚¹ä¸´æ—¶ç”Ÿå‘½å€¼ï¼ŒæŒç»­3å›åˆï¼Œå½“ä¸´æ—¶ç”Ÿå‘½å€¼å½’é›¶æ—¶buffæ¶ˆå¤±ï¼›æ¯æ¬¡æ”¶åˆ°æ”»å‡»çš„ä¼¤å®³å°†åŒæ­¥è®°å…¥buffç­‰çº§ï¼Œå½“buffæŒç»­æ—¶é—´ç»“æŸæ—¶ï¼Œå¯¹éšæœºå•ä½é€ æˆç­‰çº§*3çš„ä¼¤å®?)""","NSLOCTEXT(""DT_CardsUI [A1E8A11F5D2A9E86DDB68A4AB1650183]"", ""10507_Carddescription"", ""å“ï¼Œä½ ï¼Œå€Ÿä½ å·æ˜¯è®©ä½ çœ‹çš„ï¼Œä½ åˆ«æ‹¿æˆ‘å·å†²å¡”å•Šï¼"")",1,/Script/Engine.Texture2D'/Game/Aoitaism/Asset/Photo/Cards/Card_10503.Card_10503',None,None
10508,10508,"NSLOCTEXT(""DT_CardsUI [A1E8A11F5D2A9E86DDB68A4AB1650183]"", ""10508_Cardname"", ""è‡´ç”µ"")","NSLOCTEXT(""DT_CardsUI [A1E8A11F5D2A9E86DDB68A4AB1650183]"", ""10508_DetailDescription"", ""å˜æ›´å‰ä¸¤å¼ å‹æ–¹å¡ç‰Œçš„æ‹¥æœ‰è€…ï¼Œä½¿å…¶å±äºç»æµ·ï¼Œå¹¶ä¸”é‡æ–°æ¿€æ´»ä»–ä»¬ï¼Œå¼ƒç‰Œåå½’è¿?)""",,1,/Script/Engine.Texture2D'/Game/Aoitaism/Asset/Photo/Cards/Card_10503.Card_10503',None,None
10509,10509,"NSLOCTEXT(""DT_CardsUI [A1E8A11F5D2A9E86DDB68A4AB1650183]"", ""10509_Cardname"", ""æ–°é—»å­?)""","NSLOCTEXT(""DT_CardsUI [A1E8A11F5D2A9E86DDB68A4AB1650183]"", ""10509_DetailDescription"", ""æ¿€æ´»åï¼Œå¡ç‰Œè½®åºçš„æ‰§è¡Œæ–¹å‘å°†ä¼šç«‹åˆ»ç¿»è½¬"")","NSLOCTEXT(""DT_CardsUI [A1E8A11F5D2A9E86DDB68A4AB1650183]"", ""10509_Carddescription"", ""ä»–ä»¬éƒ½å¼€ç©ç¬‘è¯´ï¼Œè¿™æ‰æ˜¯é¡¶çº§åœ°çƒç¦æœ¯ï¼Œå¯ä»¥æ‰­è½¬ä¸‡è±¡"")",1,/Script/Engine.Texture2D'/Game/Aoitaism/Asset/Photo/Cards/Card_10503.Card_10503',None,None
10510,10510,"NSLOCTEXT(""DT_CardsUI [A1E8A11F5D2A9E86DDB68A4AB1650183]"", ""10510_Cardname"", ""æ·±å±‚å›½å®¶"")","NSLOCTEXT(""DT_CardsUI [A1E8A11F5D2A9E86DDB68A4AB1650183]"", ""10510_DetailDescription"", ""è·å¾—æŒç»­1å›åˆçš„å‡ç›Šï¼šé€šçµ\r\né€šçµï¼šä½¿è§’è‰²çš„æ„è¯†è¾¾åˆ°æœ€é«˜ï¼Œå›åˆè€—å°½æ—¶è·å¾?å›åˆçš„å‡ç›Šï¼šç»æœ›\r\nç»æœ›ï¼šè§’è‰²çš„æ„è¯†å°†ä¼šè¢«é”å®šä¸º0"")","NSLOCTEXT(""DT_CardsUI [A1E8A11F5D2A9E86DDB68A4AB1650183]"", ""10510_Carddescription"", ""è°æ§åˆ¶ç°åœ¨ï¼Œè°å°±æ§åˆ¶è¿‡å»ï¼›è°æ§åˆ¶è¿‡å»ï¼Œè°å°±æ§åˆ¶æœªæ¥ï¼›"")",1,/Script/Engine.Texture2D'/Game/Aoitaism/Asset/Photo/Cards/Card_10503.Card_10503',None,None
10561,10561,"NSLOCTEXT(""DT_CardsUI [A1E8A11F5D2A9E86DDB68A4AB1650183]"", ""10561_Cardname"", ""é€šè®¯æ‰‹ç¨¿"")","NSLOCTEXT(""DT_CardsUI [A1E8A11F5D2A9E86DDB68A4AB1650183]"", ""10561_DetailDescription"", ""ä½¿å¡ç‰Œæ‹¥æœ‰è€…çš„æ„è¯†æé«˜100%"")","NSLOCTEXT(""DT_CardsUI [A1E8A11F5D2A9E86DDB68A4AB1650183]"", ""10561_Carddescription"", ""Vlogåˆè¯¥æ›´æ–°äº†ï¼ŒVlogåˆè¯¥æ›´æ–°ï¼ŒVâ€¦â€¦ä¸æƒ³å‰ªè§†é¢‘"")",1,/Script/Engine.Texture2D'/Game/Aoitaism/Asset/Photo/Cards/Card_10503.Card_10503',None,None
10562,10562,"NSLOCTEXT(""DT_CardsUI [A1E8A11F5D2A9E86DDB68A4AB1650183]"", ""10562_Cardname"", ""æ­¼ç­"")","NSLOCTEXT(""DT_CardsUI [A1E8A11F5D2A9E86DDB68A4AB1650183]"", ""10562_DetailDescription"", ""å¯¹æ•Œäººé€ æˆä¼¤å®³ï¼ŒåŒæ—¶å°†ä¼¤å®³åˆ°å…¨åœºå¦ä¸€ä¸ªéè‡ªèº«å•ä½"")","NSLOCTEXT(""DT_CardsUI [A1E8A11F5D2A9E86DDB68A4AB1650183]"", ""10562_Carddescription"", ""æ²‰é»˜å¯¡è¨€ã€?)""",1,/Script/Engine.Texture2D'/Game/Aoitaism/Asset/Photo/Cards/Card_10503.Card_10503',None,None
10563,10563,"NSLOCTEXT(""DT_CardsUI [A1E8A11F5D2A9E86DDB68A4AB1650183]"", ""10563_Cardname"", ""æ­Œé¢‚"")","NSLOCTEXT(""DT_CardsUI [A1E8A11F5D2A9E86DDB68A4AB1650183]"", ""10563_DetailDescription"", ""å¯¹æ•Œäººé€ æˆä¼¤å®³ï¼Œå¹¶æ–½åŠ è´Ÿé¢æ•ˆæœï¼šæ­Œé¢‚\r\næ­Œé¢‚ï¼šå•ä½çš„æ„è¯†æé«˜50%ï¼Œå—åˆ°çš„æ‰€æœ‰ä¼¤å®³ç¿»å€?)""","NSLOCTEXT(""DT_CardsUI [A1E8A11F5D2A9E86DDB68A4AB1650183]"", ""10563_Carddescription"", ""æ–¹æ¡ˆä¸€ï¼Œèµé¢‚ä»–ä»?)""",1,/Script/Engine.Texture2D'/Game/Aoitaism/Asset/Photo/Cards/Card_10503.Card_10503',None,None
10564,10564,"NSLOCTEXT(""DT_CardsUI [A1E8A11F5D2A9E86DDB68A4AB1650183]"", ""10564_Cardname"", ""æ··æ·†"")","NSLOCTEXT(""DT_CardsUI [A1E8A11F5D2A9E86DDB68A4AB1650183]"", ""10564_DetailDescription"", ""è·å¾—æŒç»­1å›åˆçš„å…¨ä½“å‡ç›Šï¼šæ··æ·†\r\næˆ‘æ–¹æ‰¿å—çš„ä¼¤å®³å°†ä¼šç”±æ•Œæ–¹æ‰¿æ‹…ï¼ŒåŒæ—¶æ•Œæ–¹æ‰¿æ‹…çš„ä¼¤å®³å°†ä¼šç”±æˆ‘æ–¹æ‰¿æ‹?)""","NSLOCTEXT(""DT_CardsUI [A1E8A11F5D2A9E86DDB68A4AB1650183]"", ""10564_Carddescription"", ""æ–¹æ¡ˆäºŒï¼Œå¹²æ‰°ä»–ä»¬"")",1,/Script/Engine.Texture2D'/Game/Aoitaism/Asset/Photo/Cards/Card_10503.Card_10503',None,None
10565,10565,"NSLOCTEXT(""DT_CardsUI [A1E8A11F5D2A9E86DDB68A4AB1650183]"", ""10565_Cardname"", ""æŠ¹é»‘"")","NSLOCTEXT(""DT_CardsUI [A1E8A11F5D2A9E86DDB68A4AB1650183]"", ""10565_DetailDescription"", ""å¯¹æ•ŒäººåŠå…¶å·¦å³å•ä½é€ æˆèŒƒå›´ä¼¤å®³ï¼Œéä¸»ç›®æ ‡æ‰¿å?0%çš„ä¸»ä½“ä¼¤å®?)""","NSLOCTEXT(""DT_CardsUI [A1E8A11F5D2A9E86DDB68A4AB1650183]"", ""10565_Carddescription"", ""æ–¹æ¡ˆä¸‰ï¼Œè´¬ä½ä»–ä»¬"")",1,/Script/Engine.Texture2D'/Game/Aoitaism/Asset/Photo/Cards/Card_10503.Card_10503',None,None
10601,10601,"NSLOCTEXT(""DT_CardsUI [A1E8A11F5D2A9E86DDB68A4AB1650183]"", ""10601_Cardname"", ""å ¤ä¸°"")","NSLOCTEXT(""DT_CardsUI [A1E8A11F5D2A9E86DDB68A4AB1650183]"", ""10601_DetailDescription"", ""æ­¤ç‰Œä¼šé€ æˆ2æ¬¡ä¼¤å®?)""","NSLOCTEXT(""DT_CardsUI [A1E8A11F5D2A9E86DDB68A4AB1650183]"", ""10601_Carddescription"", ""å¡”å°”å¡”ç½—æ–¯ï¼å¡”å°”å¡”ç½—æ–¯ï¼"")",1,/Script/Engine.Texture2D'/Game/Aoitaism/Asset/Photo/Cards/Card_10601.Card_10601',None,None
10602,10602,"NSLOCTEXT(""DT_CardsUI [A1E8A11F5D2A9E86DDB68A4AB1650183]"", ""10602_Cardname"", ""æµ®å£«å¾?)""","NSLOCTEXT(""DT_CardsUI [A1E8A11F5D2A9E86DDB68A4AB1650183]"", ""10602_DetailDescription"", ""è·å¾—æŒç»­2å›åˆçš„å…¨åœºå¢ç›Šï¼šäº¤æ˜“\r\näº¤æ˜“ï¼šæ¯å¼ƒç½®ä¸€å¼ ç‰Œï¼Œä¼šä½¿è¯¥buffçš„ç­‰çº?1ï¼Œè¿›æ”»ç»“ç®—å¼€å§‹æ—¶ï¼Œæˆ‘æ–¹é˜Ÿåˆ—ä¸­çš„å¡ç‰Œæ•ˆæœæ•°å°†ä¼šå¢åŠ ç­‰åŒäº¤æ˜“ç­‰çº§çš„æ•°å­—ï¼Œå½“æŒç»­æ—¶é—´å†…å†æ¬¡æ¿€æ´»buffå¯é‡ç½®æŒç»­æ—¶é—´ä¸”ç»§æ‰¿å¼ºåŒ–ç­‰çº§"")","NSLOCTEXT(""DT_CardsUI [A1E8A11F5D2A9E86DDB68A4AB1650183]"", ""10602_Carddescription"", ""ä½ è·Ÿä¸¹ä½›çœŸæ˜¯å¤©é€ ï¼ˆå­½ï¼‰åœ°è®¾ï¼ˆæ­»ï¼‰çš„ä¸€å¯?)""",1,/Script/Engine.Texture2D'/Game/Aoitaism/Asset/Photo/Cards/Card_10601.Card_10601',None,None
10603,10603,"NSLOCTEXT(""DT_CardsUI [A1E8A11F5D2A9E86DDB68A4AB1650183]"", ""10603_Cardname"", ""å¤±å‹"")","NSLOCTEXT(""DT_CardsUI [A1E8A11F5D2A9E86DDB68A4AB1650183]"", ""10603_DetailDescription"", ""ä½¿å…¨åœºç›®æ ‡é™·å…¥çœ©æ™•ï¼ŒæŒç»­1å›åˆ\r\nçœ©æ™•ï¼šä½¿è¯¥å•ä½çš„æ‰€æœ‰å¡ç‰Œå¤±æ•ˆï¼ŒåŒæ—¶æœ¬ä½“æ”¶åˆ°çš„æ‰€æœ‰ä¼¤å®³åŠ 3"")","NSLOCTEXT(""DT_CardsUI [A1E8A11F5D2A9E86DDB68A4AB1650183]"", ""10603_Carddescription"", ""ä½ å°±è¯´æ™•æ²¡æ™•ä½å§"")",1,/Script/Engine.Texture2D'/Game/Aoitaism/Asset/Photo/Cards/Card_10601.Card_10601',None,None
10604,10604,"NSLOCTEXT(""DT_CardsUI [A1E8A11F5D2A9E86DDB68A4AB1650183]"", ""10604_Cardname"", ""æ¶¡æµ"")","NSLOCTEXT(""DT_CardsUI [A1E8A11F5D2A9E86DDB68A4AB1650183]"", ""10604_DetailDescription"", ""æ‰§è¡Œè¯¥å¡ç‰Œä¼šä¸¢å¼ƒç‰Œåº“ä¸­çš„ä¸€å¼ å¡ç‰?)""","NSLOCTEXT(""DT_CardsUI [A1E8A11F5D2A9E86DDB68A4AB1650183]"", ""10604_Carddescription"", ""æ€¥ä»€ä¹ˆï¼Œä½ ä¸æ˜¯æ²¡æ­»å—"")",1,/Script/Engine.Texture2D'/Game/Aoitaism/Asset/Photo/Cards/Card_10601.Card_10601',None,None
10605,10605,"NSLOCTEXT(""DT_CardsUI [A1E8A11F5D2A9E86DDB68A4AB1650183]"", ""10605_Cardname"", ""ä¼¦ç†"")","NSLOCTEXT(""DT_CardsUI [A1E8A11F5D2A9E86DDB68A4AB1650183]"", ""10605_DetailDescription"", ""å¼ƒç½®æ‰€æœ‰æ‰‹ç‰ŒåŒºä¸­çš„æ‰‹ç‰Œ"")","NSLOCTEXT(""DT_CardsUI [A1E8A11F5D2A9E86DDB68A4AB1650183]"", ""10605_Carddescription"", ""è¶…å‰ä¸‰æ­¥ï¼Œæ˜¯ä»€ä¹ˆæ°´å¹?)""",1,/Script/Engine.Texture2D'/Game/Aoitaism/Asset/Photo/Cards/Card_10601.Card_10601',None,None
10606,10606,"NSLOCTEXT(""DT_CardsUI [A1E8A11F5D2A9E86DDB68A4AB1650183]"", ""10606_Cardname"", ""æ— å…‰ä¹‹æµ·"")","NSLOCTEXT(""DT_CardsUI [A1E8A11F5D2A9E86DDB68A4AB1650183]"", ""10606_DetailDescription"", ""ä½¿å…¨åœºç›®æ ‡é™·å…?å±‚ææƒ§ï¼ŒæŒç»­1å›åˆ"")","NSLOCTEXT(""DT_CardsUI [A1E8A11F5D2A9E86DDB68A4AB1650183]"", ""10606_Carddescription"", ""å¸Œæœ›ä½ ä¸ä¼šé‡åˆ°å‹ç”µæ°´æ™?)""",1,/Script/Engine.Texture2D'/Game/Aoitaism/Asset/Photo/Cards/Card_10601.Card_10601',None,None
10607,10607,"NSLOCTEXT(""DT_CardsUI [A1E8A11F5D2A9E86DDB68A4AB1650183]"", ""10607_Cardname"", ""è¾…éŸ³"")","NSLOCTEXT(""DT_CardsUI [A1E8A11F5D2A9E86DDB68A4AB1650183]"", ""10607_DetailDescription"", ""å¯¹ä¸€ä¸ªæ•Œäººé€ æˆä¼¤å®³ï¼ŒåŒæ—¶ä¸¢å¼ƒä¸€å¼ æ‰‹ç‰Œï¼ŒæŠ½å–ä¸€å¼ æ‰‹ç‰?)""","NSLOCTEXT(""DT_CardsUI [A1E8A11F5D2A9E86DDB68A4AB1650183]"", ""10607_Carddescription"", ""ä¸è¦æ¸©æŸ”åœ°èµ°è¿‘é‚£ä¸ªè‰¯å¤?)""",1,/Script/Engine.Texture2D'/Game/Aoitaism/Asset/Photo/Cards/Card_10601.Card_10601',None,None
10608,10608,"NSLOCTEXT(""DT_CardsUI [A1E8A11F5D2A9E86DDB68A4AB1650183]"", ""10608_Cardname"", ""è½®æ¤…"")","NSLOCTEXT(""DT_CardsUI [A1E8A11F5D2A9E86DDB68A4AB1650183]"", ""10608_DetailDescription"", ""å¯¹æ•Œäººé€ æˆä¼¤å®³ï¼Œå¹¶å°†æ‰€æœ‰å‹å†›å•ä½çš„åæ‰§é«?0%"")","NSLOCTEXT(""DT_CardsUI [A1E8A11F5D2A9E86DDB68A4AB1650183]"", ""10608_Carddescription"", ""æ²¡ä»€ä¹ˆåˆ«çš„æ„æ€ï¼Œæˆ‘å°±æ˜¯æ¥æ¯ç­è¿™ä¸ªæ¸¸æˆçš?)""",1,/Script/Engine.Texture2D'/Game/Aoitaism/Asset/Photo/Cards/Card_10601.Card_10601',None,None
10609,10609,"NSLOCTEXT(""DT_CardsUI [A1E8A11F5D2A9E86DDB68A4AB1650183]"", ""10609_Cardname"", ""æ··æ²Œ"")","NSLOCTEXT(""DT_CardsUI [A1E8A11F5D2A9E86DDB68A4AB1650183]"", ""10609_DetailDescription"", ""å¯¹ç›®æ ‡é€ æˆç­‰åŒäºå¡ç‰Œæ‹¥æœ‰è€…æ„è¯?7çš„çœŸå®ä¼¤å®?)""","NSLOCTEXT(""DT_CardsUI [A1E8A11F5D2A9E86DDB68A4AB1650183]"", ""10609_Carddescription"", ""ä¸€èˆ¬æ“ä½œè¿™ä¸ªæ­¦å™¨çš„éƒ½æ˜¯ç²¾ç¥è¡°å¼±è€?)""",1,/Script/Engine.Texture2D'/Game/Aoitaism/Asset/Photo/Cards/Card_10601.Card_10601',None,None
10610,10610,"NSLOCTEXT(""DT_CardsUI [A1E8A11F5D2A9E86DDB68A4AB1650183]"", ""10610_Cardname"", ""ç›–äºš"")","NSLOCTEXT(""DT_CardsUI [A1E8A11F5D2A9E86DDB68A4AB1650183]"", ""10610_DetailDescription"", ""ä½¿ä¸€ä¸ªæˆ‘æ–¹å•ä½è·å¾—æŒç»?å›åˆçš„å‡ç›Šï¼šç›–äºš\r\nç›–äºšï¼šä½¿æ‹¥æœ‰å•ä½å…å—æˆ˜æ–—ä¼¤å®³ç»“ç®—ï¼Œå¹¶å°†ç»“ç®—ç»“æœè®°å…¥è¯¥æ•ˆæœçš„ç­‰çº§ï¼Œå½“æ•ˆæœæ¶ˆå¤±æ—¶å¯¹æœ¬ä½“é€ æˆç­‰åŒäºç­‰çº§çš„ä¼¤å®³"")","NSLOCTEXT(""DT_CardsUI [A1E8A11F5D2A9E86DDB68A4AB1650183]"", ""10610_Carddescription"", ""å‘½è¿æ—©å°±åœ¨æš—ä¸­æ ‡å¥½äº†ä»·æ ¼"")",1,/Script/Engine.Texture2D'/Game/Aoitaism/Asset/Photo/Cards/Card_10601.Card_10601',None,None
10701,10701,"NSLOCTEXT(""DT_CardsUI [A1E8A11F5D2A9E86DDB68A4AB1650183]"", ""10701_Cardname"", ""è¡¥åˆ€æ”»å‡»"")","NSLOCTEXT(""DT_CardsUI [A1E8A11F5D2A9E86DDB68A4AB1650183]"", ""10701_DetailDescription"", ""å¯¹æ•Œäººé€ æˆä¼¤å®³ï¼Œåç»­æ¿€æ´»æ”»å‡»ç‰Œéƒ½ä¼šä½¿æ­¤ç‰Œå‘åŠ¨æ”»å‡?)""","NSLOCTEXT(""DT_CardsUI [A1E8A11F5D2A9E86DDB68A4AB1650183]"", ""10701_Carddescription"", ""æœºä¸å¯å¤±ï¼Œæ—¶ä¸å†æ¥å‘¢ã€?)""",1,/Script/Engine.Texture2D'/Game/Aoitaism/Asset/Photo/Cards/Card_10703.Card_10703',None,None
10702,10702,"NSLOCTEXT(""DT_CardsUI [A1E8A11F5D2A9E86DDB68A4AB1650183]"", ""10702_Cardname"", ""ç´§æ€¥æ´æ•?)""","NSLOCTEXT(""DT_CardsUI [A1E8A11F5D2A9E86DDB68A4AB1650183]"", ""10702_DetailDescription"", ""é˜Ÿåˆ—ç»“ç®—æ—¶ï¼Œå¦‚æœæœ‰è§’è‰²é™·å…¥é‡ä¼¤ï¼Œåˆ™ç«‹å³æ¿€æ´»è¯¥ç‰?)""","NSLOCTEXT(""DT_CardsUI [A1E8A11F5D2A9E86DDB68A4AB1650183]"", ""10702_Carddescription"", ""ä½ ä¸æ˜¯å…¬åŠ¡å‘˜å—ï¼Œæ€ä¹ˆä»€ä¹ˆéƒ½ä¼šå•Š"")",1,/Script/Engine.Texture2D'/Game/Aoitaism/Asset/Photo/Cards/Card_10703.Card_10703',None,None
10703,10703,"NSLOCTEXT(""DT_CardsUI [A1E8A11F5D2A9E86DDB68A4AB1650183]"", ""10703_Cardname"", ""æ³•é£æœºå…³"")","NSLOCTEXT(""DT_CardsUI [A1E8A11F5D2A9E86DDB68A4AB1650183]"", ""10703_DetailDescription"", ""å¾ªç¯0/2ï¼Œå¦‚æœä½äºé¦–ä½ï¼Œåˆ™ç«‹åˆ»é”€æ¯?)""","NSLOCTEXT(""DT_CardsUI [A1E8A11F5D2A9E86DDB68A4AB1650183]"", ""10703_Carddescription"", ""æ¯•ç«Ÿï¼Œæ‰‹å¿ƒä¸ä¼šæ‰“åˆ°æ‰‹èƒ?)""",1,/Script/Engine.Texture2D'/Game/Aoitaism/Asset/Photo/Cards/Card_10703.Card_10703',None,None
10704,10704,"NSLOCTEXT(""DT_CardsUI [A1E8A11F5D2A9E86DDB68A4AB1650183]"", ""10704_Cardname"", ""å…¬åŠ¡ç½‘ç»œ"")","NSLOCTEXT(""DT_CardsUI [A1E8A11F5D2A9E86DDB68A4AB1650183]"", ""10704_DetailDescription"", ""å°†åä¸€å¼ å¡ç‰Œå¤åˆ¶ä¸€å¼ å¹¶æ’å…¥åˆ°æ‰‹ç‰Œä¸­ï¼ŒåŒæ—¶ä¸ºè¯¥æ‰‹ç‰Œæ·»åŠ ç§»é™¤è¯æ?)""","NSLOCTEXT(""DT_CardsUI [A1E8A11F5D2A9E86DDB68A4AB1650183]"", ""10704_Carddescription"", ""ä½ å†åºŸè¯æˆ‘è¦æ—±åœ°è¡ŒèˆŸäº?)""",1,/Script/Engine.Texture2D'/Game/Aoitaism/Asset/Photo/Cards/Card_10703.Card_10703',None,None
10705,10705,"NSLOCTEXT(""DT_CardsUI [A1E8A11F5D2A9E86DDB68A4AB1650183]"", ""10705_Cardname"", ""å†¥æ²³ä¹‹ç¿¼"")","NSLOCTEXT(""DT_CardsUI [A1E8A11F5D2A9E86DDB68A4AB1650183]"", ""10705_DetailDescription"", ""å¯¹æ•Œäººé€ æˆä¼¤å®³ï¼Œæ¯æ¬¡æ¿€æ´»ä¸€å¼ å¡ç‰Œï¼Œè¯¥å¡ç‰Œå°†ä¸å‰ä¸€å¼ å¡ç‰Œäº¤æ¢ä½ç½?)""","NSLOCTEXT(""DT_CardsUI [A1E8A11F5D2A9E86DDB68A4AB1650183]"", ""10705_Carddescription"", ""ä»“åŒ—æ€¥ç”µã€‚é™·å…¥æ··ä¹±çŠ¶æ€?)""",1,/Script/Engine.Texture2D'/Game/Aoitaism/Asset/Photo/Cards/Card_10703.Card_10703',None,None
10706,10706,"NSLOCTEXT(""DT_CardsUI [A1E8A11F5D2A9E86DDB68A4AB1650183]"", ""10706_Cardname"", ""å¤©ä»“å­å—£"")","NSLOCTEXT(""DT_CardsUI [A1E8A11F5D2A9E86DDB68A4AB1650183]"", ""10706_DetailDescription"", ""æ¿€æ´»åï¼Œåœ¨æœ¬è½®è¡ŒåŠ¨ç»“æŸæ—¶ï¼Œé™¤è¿™ä¸€å¼ ä»¥å¤–çš„æ‰€æœ‰å¡ç‰Œå°†è¿”å›æ‰‹ä¸­"")","NSLOCTEXT(""DT_CardsUI [A1E8A11F5D2A9E86DDB68A4AB1650183]"", ""10706_Carddescription"", ""æ®–æ°‘åœ°èƒ½æœ‰ä»€ä¹ˆæ„¿æƒ³å‘¢ï¼Œä»–ä»¬é™¤äº†å‹æ¦¨è‡ªå·±äººè¿˜ä¼šå¹²ä»€ä¹?)""",1,/Script/Engine.Texture2D'/Game/Aoitaism/Asset/Photo/Cards/Card_10703.Card_10703',None,None
10707,10707,"NSLOCTEXT(""DT_CardsUI [A1E8A11F5D2A9E86DDB68A4AB1650183]"", ""10707_Cardname"", ""æ— é™åˆ¶æ ¼æ–?)""","NSLOCTEXT(""DT_CardsUI [A1E8A11F5D2A9E86DDB68A4AB1650183]"", ""10707_DetailDescription"", ""è·å¾—å…¨å±€æ•ˆæœï¼šæ— é™åˆ¶æ ¼æ–—\r\næ— é™åˆ¶æ ¼æ–—ï¼šæ¯å›åˆå¼€å§‹ä½¿æœ¬æ•ˆæœç­‰çº?1ï¼Œæ•Œæˆ‘æ‰€æœ‰å¡ç‰Œæ‰§è¡Œæ—¶æ•ˆæœæ•°å¢åŠ ç­‰åŒè¯¥æ•ˆæœç­‰çº§çš„æ•°å­?)""","NSLOCTEXT(""DT_CardsUI [A1E8A11F5D2A9E86DDB68A4AB1650183]"", ""10707_Carddescription"", ""å‘½è¿çš„é½¿è½®å¼€å§‹è¶Šè½¬è¶Šå¿?)""",1,/Script/Engine.Texture2D'/Game/Aoitaism/Asset/Photo/Cards/Card_10703.Card_10703',None,None
10708,10708,"NSLOCTEXT(""DT_CardsUI [A1E8A11F5D2A9E86DDB68A4AB1650183]"", ""10708_Cardname"", ""çŠåº­æ‰«ç©´"")","NSLOCTEXT(""DT_CardsUI [A1E8A11F5D2A9E86DDB68A4AB1650183]"", ""10708_DetailDescription"", ""æ¿€æ´»åï¼Œä½¿åŒæ–¹é˜Ÿåˆ—ä¸­çš„æ‰€æœ‰æ•Œäººå¡ç‰Œå¤±æ•?)""","NSLOCTEXT(""DT_CardsUI [A1E8A11F5D2A9E86DDB68A4AB1650183]"", ""10708_Carddescription"", ""å¤§æ¸…æ´—å¼€å§‹äº†"")",1,/Script/Engine.Texture2D'/Game/Aoitaism/Asset/Photo/Cards/Card_10703.Card_10703',None,None
10709,10709,"NSLOCTEXT(""DT_CardsUI [A1E8A11F5D2A9E86DDB68A4AB1650183]"", ""10709_Cardname"", ""ç§˜å¯†è­¦å¯Ÿ"")","NSLOCTEXT(""DT_CardsUI [A1E8A11F5D2A9E86DDB68A4AB1650183]"", ""10709_DetailDescription"", ""æ¿€æ´»åï¼Œå°†åŒé˜Ÿåˆ—ä¸­çš„æ‰€æœ‰å¡ç‰Œå˜ä¸ºç»¿è‰?)""","NSLOCTEXT(""DT_CardsUI [A1E8A11F5D2A9E86DDB68A4AB1650183]"", ""10709_Carddescription"", ""åŒåŒ–ï¼Œå®Œæˆã€?)""",1,/Script/Engine.Texture2D'/Game/Aoitaism/Asset/Photo/Cards/Card_10703.Card_10703',None,None
10710,10710,"NSLOCTEXT(""DT_CardsUI [A1E8A11F5D2A9E86DDB68A4AB1650183]"", ""10710_Cardname"", ""æˆ‘ä»¬çš„æµ·"")","NSLOCTEXT(""DT_CardsUI [A1E8A11F5D2A9E86DDB68A4AB1650183]"", ""10710_DetailDescription"", ""ç«‹åˆ»è¿›è¡Œä¸€æ¬¡å¼ƒç‰Œåº“æ´—ç‰Œ"")","NSLOCTEXT(""DT_CardsUI [A1E8A11F5D2A9E86DDB68A4AB1650183]"", ""10710_Carddescription"", ""å½“ä½ ç¦»å¼€å¤§æµ·ï¼Œå£³å°±è¯¥é€€åŒ–åˆ°å¿ƒé‡Œå»äº†"")",1,/Script/Engine.Texture2D'/Game/Aoitaism/Asset/Photo/Cards/Card_10703.Card_10703',None,None
10801,10801,"NSLOCTEXT(""DT_CardsUI [A1E8A11F5D2A9E86DDB68A4AB1650183]"", ""10801_Cardname"", ""è…åŒ–"")","NSLOCTEXT(""DT_CardsUI [A1E8A11F5D2A9E86DDB68A4AB1650183]"", ""10801_DetailDescription"", ""å¯¹å•ä½é€ æˆä¼¤å®³ï¼Œå¹¶æŠ½å–æ•Œæ–¹ç­‰åŒäºæœ€ç»ˆä¼¤å®³çš„è´¹ç”¨"")","NSLOCTEXT(""DT_CardsUI [A1E8A11F5D2A9E86DDB68A4AB1650183]"", ""10801_Carddescription"", ""åˆ«è®¡è¾ƒå˜›ï¼Œé‡‘æ¯›ï¼Œåˆæ²¡ç®—åˆ°ä½ å¤´ä¸?)""",1,/Script/Engine.Texture2D'/Game/Aoitaism/Asset/Photo/Cards/Card_10801.Card_10801',None,None
10802,10802,"NSLOCTEXT(""DT_CardsUI [A1E8A11F5D2A9E86DDB68A4AB1650183]"", ""10802_Cardname"", ""èµ°ç§"")","NSLOCTEXT(""DT_CardsUI [A1E8A11F5D2A9E86DDB68A4AB1650183]"", ""10802_DetailDescription"", ""ä½¿æœ¬é˜Ÿåˆ—ä¸­æ‰€æœ‰æœªå¤±æ•ˆå¡ç‰Œå¤±æ•ˆï¼Œå¹¶è·å–ç­‰äºå…¶èŠ±è´¹çš„è´¹ç”¨"")","NSLOCTEXT(""DT_CardsUI [A1E8A11F5D2A9E86DDB68A4AB1650183]"", ""10802_Carddescription"", ""ç›´è¿äººå°±æ˜¯é è¿™ä¸ªå‘è´¢çš„ï¼Œè‡³å°‘æˆ‘æ˜¯"")",1,/Script/Engine.Texture2D'/Game/Aoitaism/Asset/Photo/Cards/Card_10801.Card_10801',None,None
10803,10803,"NSLOCTEXT(""DT_CardsUI [A1E8A11F5D2A9E86DDB68A4AB1650183]"", ""10803_Cardname"", ""ä¿æŠ¤ä¼?)""","NSLOCTEXT(""DT_CardsUI [A1E8A11F5D2A9E86DDB68A4AB1650183]"", ""10803_DetailDescription"", ""å¾ªç¯0/2ï¼Œæ¯æ¬¡å¼€å§‹å¾ªç¯ï¼Œè·å¾—3ç‚¹è´¹ç”¨ï¼Œä½†è¯¥å¡ç‰Œåç»­çš„å¡ç‰ŒèŠ±è´?1"")","NSLOCTEXT(""DT_CardsUI [A1E8A11F5D2A9E86DDB68A4AB1650183]"", ""10803_Carddescription"", ""æˆ‘ä¸æ˜¯å°é¬¼ï¼Œä½ æ‰æ˜¯å°é¬?)""",1,/Script/Engine.Texture2D'/Game/Aoitaism/Asset/Photo/Cards/Card_10801.Card_10801',None,None
10804,10804,"NSLOCTEXT(""DT_CardsUI [A1E8A11F5D2A9E86DDB68A4AB1650183]"", ""10804_Cardname"", ""è‡ªè°‹ç”Ÿè·¯"")","NSLOCTEXT(""DT_CardsUI [A1E8A11F5D2A9E86DDB68A4AB1650183]"", ""10804_DetailDescription"", ""éšæœºä¸¢å¼ƒä¸€å¼ ç‰Œï¼Œå¹¶è·å¾—ç­‰åŒäºæ­¤ç‰ŒèŠ±è´¹çš„è´¹ç”¨"")","NSLOCTEXT(""DT_CardsUI [A1E8A11F5D2A9E86DDB68A4AB1650183]"", ""10804_Carddescription"", ""å±æœºå°±æ˜¯è½¬æœºï¼Œå¹¸è¿æ—¥æ˜¯ä¸è®²é“ç†çš„"")",1,/Script/Engine.Texture2D'/Game/Aoitaism/Asset/Photo/Cards/Card_10801.Card_10801',None,None
10805,10805,"NSLOCTEXT(""DT_CardsUI [A1E8A11F5D2A9E86DDB68A4AB1650183]"", ""10805_Cardname"", ""é»„é‡‘é›?)""","NSLOCTEXT(""DT_CardsUI [A1E8A11F5D2A9E86DDB68A4AB1650183]"", ""10805_DetailDescription"", ""ç«‹åˆ»æ¶ˆè€—æˆ‘æ–¹æ‰€æœ‰è´¹ç”¨ï¼Œå¯¹å•ä¸ªæ•Œäººé€ æˆæœ¬æ¬¡æ¶ˆè€—è´¹ç”?3çš„ä¼¤å®?)""","NSLOCTEXT(""DT_CardsUI [A1E8A11F5D2A9E86DDB68A4AB1650183]"", ""10805_Carddescription"", ""ç›´è§†æˆ‘å•Šï¼Ÿå°å´½ç§"")",1,/Script/Engine.Texture2D'/Game/Aoitaism/Asset/Photo/Cards/Card_10801.Card_10801',None,None
10806,10806,"NSLOCTEXT(""DT_CardsUI [A1E8A11F5D2A9E86DDB68A4AB1650183]"", ""10806_Cardname"", ""èƒŒå›"")","NSLOCTEXT(""DT_CardsUI [A1E8A11F5D2A9E86DDB68A4AB1650183]"", ""10806_DetailDescription"", ""å°†æ­¤å¡ç‰Œåçš„ä¸€å¼ å¡ç‰Œä¸å¦ä¸€ä¸ªé˜Ÿåˆ—ä¸­çš„ç¬¬äºŒå¼ äº¤æ¢"")","NSLOCTEXT(""DT_CardsUI [A1E8A11F5D2A9E86DDB68A4AB1650183]"", ""10806_Carddescription"", ""å•Šå•Šå•Šå•Šå•Šï¼ä¸¹â€”â€”ä½›â€”â€?)""",1,/Script/Engine.Texture2D'/Game/Aoitaism/Asset/Photo/Cards/Card_10801.Card_10801',None,None
10807,10807,"NSLOCTEXT(""DT_CardsUI [A1E8A11F5D2A9E86DDB68A4AB1650183]"", ""10807_Cardname"", ""ç›Ÿå¸®"")","NSLOCTEXT(""DT_CardsUI [A1E8A11F5D2A9E86DDB68A4AB1650183]"", ""10807_DetailDescription"", ""å°†åŒé˜Ÿåˆ—æ‰€æœ‰é«˜äº?ç‚¹çš„å¡ç‰Œé™ä½èŠ±è´¹è‡?ç‚¹ï¼Œå¹¶å°†æ‰‹ç‰Œä¸­çš„éšæœº3å¼ æ›¿æ¢ä¸ºã€ç›´è¿ä¹‹ç¾½ã€?)""","NSLOCTEXT(""DT_CardsUI [A1E8A11F5D2A9E86DDB68A4AB1650183]"", ""10807_Carddescription"", ""åˆ«æ‹…å¿ƒï¼Œæˆ‘è¿˜æ˜¯æœ‰åŸåˆ™çš„ï¼Œä½ çš„å‘½ä¼šè¢«æˆ‘ä¿ä½å“?)""",1,/Script/Engine.Texture2D'/Game/Aoitaism/Asset/Photo/Cards/Card_10801.Card_10801',None,None
10808,10808,"NSLOCTEXT(""DT_CardsUI [A1E8A11F5D2A9E86DDB68A4AB1650183]"", ""10808_Cardname"", ""å°è±†ä¸?)""","NSLOCTEXT(""DT_CardsUI [A1E8A11F5D2A9E86DDB68A4AB1650183]"", ""10808_DetailDescription"", ""æ¿€æ´»åç«‹åˆ»æ‰“ä¹±æœ¬é˜Ÿåˆ—çš„å¡ç‰Œé¡ºåº"")","NSLOCTEXT(""DT_CardsUI [A1E8A11F5D2A9E86DDB68A4AB1650183]"", ""10808_Carddescription"", ""ç‚¹æˆ‘ï¼Œä¸€é”®ç‚¸ç¿»è¡€å‹ä»ª"")",1,/Script/Engine.Texture2D'/Game/Aoitaism/Asset/Photo/Cards/Card_10801.Card_10801',None,None
10809,10809,"NSLOCTEXT(""DT_CardsUI [A1E8A11F5D2A9E86DDB68A4AB1650183]"", ""10809_Cardname"", ""æœºä¼š"")","NSLOCTEXT(""DT_CardsUI [A1E8A11F5D2A9E86DDB68A4AB1650183]"", ""10809_DetailDescription"", ""æ¯æ¬¡å‡ºç°å¯¹æ‰‹ç‰Œæ›´æ”¹ï¼Œå¯¹éšæœºæ•Œäººé€ æˆ3ç‚¹ä¼¤å®?)""","NSLOCTEXT(""DT_CardsUI [A1E8A11F5D2A9E86DDB68A4AB1650183]"", ""10809_Carddescription"", ""é»‘ç™½ä¸¤é“é€šåƒ"")",1,/Script/Engine.Texture2D'/Game/Aoitaism/Asset/Photo/Cards/Card_10801.Card_10801',None,None
10810,10810,"NSLOCTEXT(""DT_CardsUI [A1E8A11F5D2A9E86DDB68A4AB1650183]"", ""10810_Cardname"", ""æŠ˜ç£¨"")","NSLOCTEXT(""DT_CardsUI [A1E8A11F5D2A9E86DDB68A4AB1650183]"", ""10810_DetailDescription"", ""å¯¹ç›®æ ‡æ–½åŠ æŒç»?å›åˆçš„è´Ÿé¢æ•ˆæœï¼šæŠ˜ç£¨\r\næŠ˜ç£¨ï¼šæ•ˆæœå­˜åœ¨æ—¶ï¼Œç›®æ ‡çš„ç”Ÿå‘½å€¼ä¸ä¼šä¸‹é™åˆ°1ä»¥ä¸‹ï¼Œæ‰¿å—ä¼¤å®³æº¢å‡ºçš„éƒ¨åˆ†å°†ä¼š+2åè½¬ç§»åˆ°å…¶ä»–åŒé˜µè¥å•ä½ä¸Š"")","NSLOCTEXT(""DT_CardsUI [A1E8A11F5D2A9E86DDB68A4AB1650183]"", ""10810_Carddescription"", ""ä¸€æ ¹èœ¡çƒ›ï¼Œä½ è§‰å¾—å·®ä¸€ä¸ªè›‹ç³•ï¼Œæˆ‘è§‰å¾—å·®ä¸€æ ¹çš®é?)""",1,/Script/Engine.Texture2D'/Game/Aoitaism/Asset/Photo/Cards/Card_10801.Card_10801',None,None
10861,10861,"NSLOCTEXT(""DT_CardsUI [A1E8A11F5D2A9E86DDB68A4AB1650183]"", ""10861_Cardname"", ""ç›´è¿ä¹‹ç¾½"")","NSLOCTEXT(""DT_CardsUI [A1E8A11F5D2A9E86DDB68A4AB1650183]"", ""10861_DetailDescription"", ""å¯¹æ•Œäººé€ æˆä¼¤å®³ï¼ŒåŒæ—¶å°†ä¼¤å®³å…¨åœºå¦ä¸€ä¸ªéè‡ªèº«å•ä½"")","NSLOCTEXT(""DT_CardsUI [A1E8A11F5D2A9E86DDB68A4AB1650183]"", ""10861_Carddescription"", ""è¿›æ­¥å¸®çš„äººä¼šè¿…é€Ÿå é¢†åœ°ç›˜ï¼Œä½†å¿Œæƒ®ç›´è¿æ²»å®‰ï¼Œä¸èƒ½æ‹³è„šç›¸å‘"")",1,/Script/Engine.Texture2D'/Game/Aoitaism/Asset/Photo/Cards/Card_10801.Card_10801',None,None
